Workbook

Sheet Estructura
B2: id | C2: dimension | D2: subdimension | E2: categoria | F2: recomendacion | G2: ejemplo | H2: texto_embedding | I2: dimension_id | J2: subdimension_id | K2: categoria_id
B3: =+Tabla1[[#This Row],[dimension_id]]&"_"&Tabla1[[#This Row],[subdimension_id]]&"_"&Tabla1[[#This Row],[categoria_id]] -> DI_OM_cat | C3: Didáctica inclusiva | D3: Objetivos y metas | F3: Proporcione información sobre los objetivos y metas de aprendizaje en la portada del recurso. Asegúrese de que todos los objetivos de aprendizaje sean alcanzables, mensurables, relevantes, claramente enunciados y concisos para los estudiantes y otros docentes que utilicen sus REA. | H3: =+"Dimensión: " & Tabla1[[#This Row],[dimension]] & " -- " & "Subdimensión: " & Tabla1[[#This Row],[subdimension]] & " -- " & "Categoría: " & Tabla1[[#This Row],[categoria]] & " -- " & Tabla1[[#This Row],[recomendacion]] -> Dimensión: Didáctica inclusiva -- Subdimensión: Objetivos y metas -- Categoría: -- Proporcione información sobre los objetivos y metas de aprendizaje en la portada del recurso. Asegúrese de que todos los objetivos de aprendizaje sean alcanzables, mensurables, relevantes, claramente enunciados y concisos para los estudiantes y otros docentes que utilicen sus REA. | I3: =IFERROR(VLOOKUP(Tabla1[[#This Row],[dimension]],Datos!$B$2:$C$6,2,0),"dim") -> DI | J3: =IFERROR(VLOOKUP(Tabla1[[#This Row],[subdimension]],Datos!$E$2:$F$20,2,0),"subdim") -> OM | K3: =IFERROR(VLOOKUP(Tabla1[[#This Row],[categoria]],Datos!$H$2:$I$21,2,0),"cat") -> cat
B4: =+Tabla1[[#This Row],[dimension_id]]&"_"&Tabla1[[#This Row],[subdimension_id]]&"_"&Tabla1[[#This Row],[categoria_id]] -> DI_OA_cat | C4: Didáctica inclusiva | D4: Objetivos de aprendizaje para la enseñanza diferenciada | F4: Personalice, ajuste y adapte sus REA para obtener resultados de aprendizaje óptimos, que pueden no ser los mismos para todos. Asegúrese de que los objetivos y contenidos de un REA se basen en la edad y el nivel de competencia inicial de los estudiantes. | G4: Determine objetivos de aprendizaje individualizados; haga que el contenido de los REA sea accesible según las diferentes necesidades de aprendizaje de los estudiantes con y sin discapacidades. Si un REA está diseñado para niños pequeños, debe tener contenido visual adaptado a ellos, como dibujos y textos más sencillos. Si el mismo REA está destinado a niños mayores, debe incluir menos contenido visual y más contenido para adultos, como fotografías. El texto puede requerir un nivel de lectura más alto. | H4: =+"Dimensión: " & Tabla1[[#This Row],[dimension]] & " -- " & "Subdimensión: " & Tabla1[[#This Row],[subdimension]] & " -- " & "Categoría: " & Tabla1[[#This Row],[categoria]] & " -- " & Tabla1[[#This Row],[recomendacion]] -> Dimensión: Didáctica inclusiva -- Subdimensión: Objetivos de aprendizaje para la enseñanza diferenciada -- Categoría: -- Personalice, ajuste y adapte sus REA para obtener resultados de aprendizaje óptimos, que pueden no ser los mismos para todos. Asegúrese de que los objetivos y contenidos de un REA se basen en la edad y el nivel de competencia inicial de los estudiantes. | I4: =IFERROR(VLOOKUP(Tabla1[[#This Row],[dimension]],Datos!$B$2:$C$6,2,0),"dim") -> DI | J4: =IFERROR(VLOOKUP(Tabla1[[#This Row],[subdimension]],Datos!$E$2:$F$20,2,0),"subdim") -> OA | K4: =IFERROR(VLOOKUP(Tabla1[[#This Row],[categoria]],Datos!$H$2:$I$21,2,0),"cat") -> cat
B5: =+Tabla1[[#This Row],[dimension_id]]&"_"&Tabla1[[#This Row],[subdimension_id]]&"_"&Tabla1[[#This Row],[categoria_id]] -> DI_OA_cat | C5: Didáctica inclusiva | D5: Objetivos de aprendizaje para la enseñanza diferenciada | F5: Al crear o utilizar REA, tenga en cuenta las necesidades de sus estudiantes (incluidos los estudiantes con discapacidades y necesidades educativas específicas, así como los estudiantes de alto rendimiento), especialmente en el diseño y la metodología de los REA. Considerar las necesidades de los estudiantes desde el principio puede evitar la realización de adaptaciones posteriores. | G5: Intente desarrollar una única versión accesible para todos los estudiantes, considerando su diversidad. De lo contrario, cree versiones diferenciadas adaptadas a sus necesidades. | H5: =+"Dimensión: " & Tabla1[[#This Row],[dimension]] & " -- " & "Subdimensión: " & Tabla1[[#This Row],[subdimension]] & " -- " & "Categoría: " & Tabla1[[#This Row],[categoria]] & " -- " & Tabla1[[#This Row],[recomendacion]] -> Dimensión: Didáctica inclusiva -- Subdimensión: Objetivos de aprendizaje para la enseñanza diferenciada -- Categoría: -- Al crear o utilizar REA, tenga en cuenta las necesidades de sus estudiantes (incluidos los estudiantes con discapacidades y necesidades educativas específicas, así como los estudiantes de alto rendimiento), especialmente en el diseño y la metodología de los REA. Considerar las necesidades de los estudiantes desde el principio puede evitar la realización de adaptaciones posteriores. | I5: =IFERROR(VLOOKUP(Tabla1[[#This Row],[dimension]],Datos!$B$2:$C$6,2,0),"dim") -> DI | J5: =IFERROR(VLOOKUP(Tabla1[[#This Row],[subdimension]],Datos!$E$2:$F$20,2,0),"subdim") -> OA | K5: =IFERROR(VLOOKUP(Tabla1[[#This Row],[categoria]],Datos!$H$2:$I$21,2,0),"cat") -> cat
B6: =+Tabla1[[#This Row],[dimension_id]]&"_"&Tabla1[[#This Row],[subdimension_id]]&"_"&Tabla1[[#This Row],[categoria_id]] -> DI_MD_cat | C6: Didáctica inclusiva | D6: Metadatos | F6: Incluya instrucciones para las actividades de aprendizaje y explique las metodologías. | H6: =+"Dimensión: " & Tabla1[[#This Row],[dimension]] & " -- " & "Subdimensión: " & Tabla1[[#This Row],[subdimension]] & " -- " & "Categoría: " & Tabla1[[#This Row],[categoria]] & " -- " & Tabla1[[#This Row],[recomendacion]] -> Dimensión: Didáctica inclusiva -- Subdimensión: Metadatos -- Categoría: -- Incluya instrucciones para las actividades de aprendizaje y explique las metodologías. | I6: =IFERROR(VLOOKUP(Tabla1[[#This Row],[dimension]],Datos!$B$2:$C$6,2,0),"dim") -> DI | J6: =IFERROR(VLOOKUP(Tabla1[[#This Row],[subdimension]],Datos!$E$2:$F$20,2,0),"subdim") -> MD | K6: =IFERROR(VLOOKUP(Tabla1[[#This Row],[categoria]],Datos!$H$2:$I$21,2,0),"cat") -> cat
B7: =+Tabla1[[#This Row],[dimension_id]]&"_"&Tabla1[[#This Row],[subdimension_id]]&"_"&Tabla1[[#This Row],[categoria_id]] -> DI_MD_cat | C7: Didáctica inclusiva | D7: Metadatos | F7: Indique para qué grupo objetivo de estudiantes se ha creado el recurso, así como los conocimientos previos necesarios. | H7: =+"Dimensión: " & Tabla1[[#This Row],[dimension]] & " -- " & "Subdimensión: " & Tabla1[[#This Row],[subdimension]] & " -- " & "Categoría: " & Tabla1[[#This Row],[categoria]] & " -- " & Tabla1[[#This Row],[recomendacion]] -> Dimensión: Didáctica inclusiva -- Subdimensión: Metadatos -- Categoría: -- Indique para qué grupo objetivo de estudiantes se ha creado el recurso, así como los conocimientos previos necesarios. | I7: =IFERROR(VLOOKUP(Tabla1[[#This Row],[dimension]],Datos!$B$2:$C$6,2,0),"dim") -> DI | J7: =IFERROR(VLOOKUP(Tabla1[[#This Row],[subdimension]],Datos!$E$2:$F$20,2,0),"subdim") -> MD | K7: =IFERROR(VLOOKUP(Tabla1[[#This Row],[categoria]],Datos!$H$2:$I$21,2,0),"cat") -> cat
B8: =+Tabla1[[#This Row],[dimension_id]]&"_"&Tabla1[[#This Row],[subdimension_id]]&"_"&Tabla1[[#This Row],[categoria_id]] -> DI_MD_cat | C8: Didáctica inclusiva | D8: Metadatos | F8: Tenga en cuenta el tiempo estimado necesario para completar el material (hojas de ejercicios o planes de lecciones) (y prepare material y actividades adicionales para los estudiantes más rápidos). | H8: =+"Dimensión: " & Tabla1[[#This Row],[dimension]] & " -- " & "Subdimensión: " & Tabla1[[#This Row],[subdimension]] & " -- " & "Categoría: " & Tabla1[[#This Row],[categoria]] & " -- " & Tabla1[[#This Row],[recomendacion]] -> Dimensión: Didáctica inclusiva -- Subdimensión: Metadatos -- Categoría: -- Tenga en cuenta el tiempo estimado necesario para completar el material (hojas de ejercicios o planes de lecciones) (y prepare material y actividades adicionales para los estudiantes más rápidos). | I8: =IFERROR(VLOOKUP(Tabla1[[#This Row],[dimension]],Datos!$B$2:$C$6,2,0),"dim") -> DI | J8: =IFERROR(VLOOKUP(Tabla1[[#This Row],[subdimension]],Datos!$E$2:$F$20,2,0),"subdim") -> MD | K8: =IFERROR(VLOOKUP(Tabla1[[#This Row],[categoria]],Datos!$H$2:$I$21,2,0),"cat") -> cat
B9: =+Tabla1[[#This Row],[dimension_id]]&"_"&Tabla1[[#This Row],[subdimension_id]]&"_"&Tabla1[[#This Row],[categoria_id]] -> DI_MD_cat | C9: Didáctica inclusiva | D9: Metadatos | F9: Asegúrese de que los ejercicios y actividades estén respaldados por claves de respuestas o pautas de puntuación. | H9: =+"Dimensión: " & Tabla1[[#This Row],[dimension]] & " -- " & "Subdimensión: " & Tabla1[[#This Row],[subdimension]] & " -- " & "Categoría: " & Tabla1[[#This Row],[categoria]] & " -- " & Tabla1[[#This Row],[recomendacion]] -> Dimensión: Didáctica inclusiva -- Subdimensión: Metadatos -- Categoría: -- Asegúrese de que los ejercicios y actividades estén respaldados por claves de respuestas o pautas de puntuación. | I9: =IFERROR(VLOOKUP(Tabla1[[#This Row],[dimension]],Datos!$B$2:$C$6,2,0),"dim") -> DI | J9: =IFERROR(VLOOKUP(Tabla1[[#This Row],[subdimension]],Datos!$E$2:$F$20,2,0),"subdim") -> MD | K9: =IFERROR(VLOOKUP(Tabla1[[#This Row],[categoria]],Datos!$H$2:$I$21,2,0),"cat") -> cat
B10: =+Tabla1[[#This Row],[dimension_id]]&"_"&Tabla1[[#This Row],[subdimension_id]]&"_"&Tabla1[[#This Row],[categoria_id]] -> DI_IDI_cat | C10: Didáctica inclusiva | D10: Idioma | F10: Asegúrese de que el lenguaje sea claro, coherente, conciso y fácilmente comprensible para otros docentes y profesionales del ámbito educativo. | H10: =+"Dimensión: " & Tabla1[[#This Row],[dimension]] & " -- " & "Subdimensión: " & Tabla1[[#This Row],[subdimension]] & " -- " & "Categoría: " & Tabla1[[#This Row],[categoria]] & " -- " & Tabla1[[#This Row],[recomendacion]] -> Dimensión: Didáctica inclusiva -- Subdimensión: Idioma -- Categoría: -- Asegúrese de que el lenguaje sea claro, coherente, conciso y fácilmente comprensible para otros docentes y profesionales del ámbito educativo. | I10: =IFERROR(VLOOKUP(Tabla1[[#This Row],[dimension]],Datos!$B$2:$C$6,2,0),"dim") -> DI | J10: =IFERROR(VLOOKUP(Tabla1[[#This Row],[subdimension]],Datos!$E$2:$F$20,2,0),"subdim") -> IDI | K10: =IFERROR(VLOOKUP(Tabla1[[#This Row],[categoria]],Datos!$H$2:$I$21,2,0),"cat") -> cat
B11: =+Tabla1[[#This Row],[dimension_id]]&"_"&Tabla1[[#This Row],[subdimension_id]]&"_"&Tabla1[[#This Row],[categoria_id]] -> DI_CT_cat | C11: Didáctica inclusiva | D11: Actualización | F11: Asegúrese de que el contenido sea actual, actualizado o atemporal. Si es necesario, actualícelo. | H11: =+"Dimensión: " & Tabla1[[#This Row],[dimension]] & " -- " & "Subdimensión: " & Tabla1[[#This Row],[subdimension]] & " -- " & "Categoría: " & Tabla1[[#This Row],[categoria]] & " -- " & Tabla1[[#This Row],[recomendacion]] -> Dimensión: Didáctica inclusiva -- Subdimensión: Actualización -- Categoría: -- Asegúrese de que el contenido sea actual, actualizado o atemporal. Si es necesario, actualícelo. | I11: =IFERROR(VLOOKUP(Tabla1[[#This Row],[dimension]],Datos!$B$2:$C$6,2,0),"dim") -> DI | J11: =IFERROR(VLOOKUP(Tabla1[[#This Row],[subdimension]],Datos!$E$2:$F$20,2,0),"subdim") -> CT | K11: =IFERROR(VLOOKUP(Tabla1[[#This Row],[categoria]],Datos!$H$2:$I$21,2,0),"cat") -> cat
B12: =+Tabla1[[#This Row],[dimension_id]]&"_"&Tabla1[[#This Row],[subdimension_id]]&"_"&Tabla1[[#This Row],[categoria_id]] -> DI_ES_cat | C12: Didáctica inclusiva | D12: Estructura | F12: Asegúrese de que los REA proporcionen una estructura sólida para el desarrollo de conocimientos y habilidades. Por lo tanto, el contenido debe estructurarse en secuencias lógicas y manejables de módulos o lecciones/secciones. | H12: =+"Dimensión: " & Tabla1[[#This Row],[dimension]] & " -- " & "Subdimensión: " & Tabla1[[#This Row],[subdimension]] & " -- " & "Categoría: " & Tabla1[[#This Row],[categoria]] & " -- " & Tabla1[[#This Row],[recomendacion]] -> Dimensión: Didáctica inclusiva -- Subdimensión: Estructura -- Categoría: -- Asegúrese de que los REA proporcionen una estructura sólida para el desarrollo de conocimientos y habilidades. Por lo tanto, el contenido debe estructurarse en secuencias lógicas y manejables de módulos o lecciones/secciones. | I12: =IFERROR(VLOOKUP(Tabla1[[#This Row],[dimension]],Datos!$B$2:$C$6,2,0),"dim") -> DI | J12: =IFERROR(VLOOKUP(Tabla1[[#This Row],[subdimension]],Datos!$E$2:$F$20,2,0),"subdim") -> ES | K12: =IFERROR(VLOOKUP(Tabla1[[#This Row],[categoria]],Datos!$H$2:$I$21,2,0),"cat") -> cat
B13: =+Tabla1[[#This Row],[dimension_id]]&"_"&Tabla1[[#This Row],[subdimension_id]]&"_"&Tabla1[[#This Row],[categoria_id]] -> DI_DD_cat | C13: Didáctica inclusiva | D13: Didáctica | F13: Vincule el contenido nuevo con los conocimientos, habilidades y experiencias previas de los estudiantes. | H13: =+"Dimensión: " & Tabla1[[#This Row],[dimension]] & " -- " & "Subdimensión: " & Tabla1[[#This Row],[subdimension]] & " -- " & "Categoría: " & Tabla1[[#This Row],[categoria]] & " -- " & Tabla1[[#This Row],[recomendacion]] -> Dimensión: Didáctica inclusiva -- Subdimensión: Didáctica -- Categoría: -- Vincule el contenido nuevo con los conocimientos, habilidades y experiencias previas de los estudiantes. | I13: =IFERROR(VLOOKUP(Tabla1[[#This Row],[dimension]],Datos!$B$2:$C$6,2,0),"dim") -> DI | J13: =IFERROR(VLOOKUP(Tabla1[[#This Row],[subdimension]],Datos!$E$2:$F$20,2,0),"subdim") -> DD | K13: =IFERROR(VLOOKUP(Tabla1[[#This Row],[categoria]],Datos!$H$2:$I$21,2,0),"cat") -> cat
B14: =+Tabla1[[#This Row],[dimension_id]]&"_"&Tabla1[[#This Row],[subdimension_id]]&"_"&Tabla1[[#This Row],[categoria_id]] -> DI_DD_cat | C14: Didáctica inclusiva | D14: Didáctica | F14: Debe asegurar que los REA posibiliten la transferencia de nuevos conocimientos y habilidades a diferentes tareas, problemas o contextos para consolidar su aprendizaje o construir significado personal. | H14: =+"Dimensión: " & Tabla1[[#This Row],[dimension]] & " -- " & "Subdimensión: " & Tabla1[[#This Row],[subdimension]] & " -- " & "Categoría: " & Tabla1[[#This Row],[categoria]] & " -- " & Tabla1[[#This Row],[recomendacion]] -> Dimensión: Didáctica inclusiva -- Subdimensión: Didáctica -- Categoría: -- Debe asegurar que los REA posibiliten la transferencia de nuevos conocimientos y habilidades a diferentes tareas, problemas o contextos para consolidar su aprendizaje o construir significado personal. | I14: =IFERROR(VLOOKUP(Tabla1[[#This Row],[dimension]],Datos!$B$2:$C$6,2,0),"dim") -> DI | J14: =IFERROR(VLOOKUP(Tabla1[[#This Row],[subdimension]],Datos!$E$2:$F$20,2,0),"subdim") -> DD | K14: =IFERROR(VLOOKUP(Tabla1[[#This Row],[categoria]],Datos!$H$2:$I$21,2,0),"cat") -> cat
B15: =+Tabla1[[#This Row],[dimension_id]]&"_"&Tabla1[[#This Row],[subdimension_id]]&"_"&Tabla1[[#This Row],[categoria_id]] -> DI_DD_cat | C15: Didáctica inclusiva | D15: Didáctica | F15: Asocie los constructos y contenidos teóricos con ejemplos cercanos a la vida de los estudiantes para que puedan ser transferidos a situaciones cotidianas. | G15: Realice ejercicios con un propósito familiar, como ir de compras, que requieran cálculos matemáticos. Especialmente para estudiantes con dificultades de aprendizaje. | H15: =+"Dimensión: " & Tabla1[[#This Row],[dimension]] & " -- " & "Subdimensión: " & Tabla1[[#This Row],[subdimension]] & " -- " & "Categoría: " & Tabla1[[#This Row],[categoria]] & " -- " & Tabla1[[#This Row],[recomendacion]] -> Dimensión: Didáctica inclusiva -- Subdimensión: Didáctica -- Categoría: -- Asocie los constructos y contenidos teóricos con ejemplos cercanos a la vida de los estudiantes para que puedan ser transferidos a situaciones cotidianas. | I15: =IFERROR(VLOOKUP(Tabla1[[#This Row],[dimension]],Datos!$B$2:$C$6,2,0),"dim") -> DI | J15: =IFERROR(VLOOKUP(Tabla1[[#This Row],[subdimension]],Datos!$E$2:$F$20,2,0),"subdim") -> DD | K15: =IFERROR(VLOOKUP(Tabla1[[#This Row],[categoria]],Datos!$H$2:$I$21,2,0),"cat") -> cat
B16: =+Tabla1[[#This Row],[dimension_id]]&"_"&Tabla1[[#This Row],[subdimension_id]]&"_"&Tabla1[[#This Row],[categoria_id]] -> DI_DD_cat | C16: Didáctica inclusiva | D16: Didáctica | F16: Si mejora la comprensión del contenido por parte de los estudiantes, presente el contenido del REA en varios formatos (textos, gráficos, imágenes, etc.). | G16: Si fuera posible, muestre un video, analice el contenido y proporcione actividades prácticas. | H16: =+"Dimensión: " & Tabla1[[#This Row],[dimension]] & " -- " & "Subdimensión: " & Tabla1[[#This Row],[subdimension]] & " -- " & "Categoría: " & Tabla1[[#This Row],[categoria]] & " -- " & Tabla1[[#This Row],[recomendacion]] -> Dimensión: Didáctica inclusiva -- Subdimensión: Didáctica -- Categoría: -- Si mejora la comprensión del contenido por parte de los estudiantes, presente el contenido del REA en varios formatos (textos, gráficos, imágenes, etc.). | I16: =IFERROR(VLOOKUP(Tabla1[[#This Row],[dimension]],Datos!$B$2:$C$6,2,0),"dim") -> DI | J16: =IFERROR(VLOOKUP(Tabla1[[#This Row],[subdimension]],Datos!$E$2:$F$20,2,0),"subdim") -> DD | K16: =IFERROR(VLOOKUP(Tabla1[[#This Row],[categoria]],Datos!$H$2:$I$21,2,0),"cat") -> cat
B17: =+Tabla1[[#This Row],[dimension_id]]&"_"&Tabla1[[#This Row],[subdimension_id]]&"_"&Tabla1[[#This Row],[categoria_id]] -> DI_DD_cat | C17: Didáctica inclusiva | D17: Didáctica | F17: Personalice los REA según el entorno de vida de sus estudiantes. | G17: Si un REA incluye una lectura sobre agricultura que menciona cultivos como el trigo o el maíz, pero sus estudiantes viven en una región donde predominan los olivos y los viñedos, podría modificar el recurso para incluir ejemplos de estos cultivos locales. Esto hace que el contenido sea más significativo y aplicable a su realidad. | H17: =+"Dimensión: " & Tabla1[[#This Row],[dimension]] & " -- " & "Subdimensión: " & Tabla1[[#This Row],[subdimension]] & " -- " & "Categoría: " & Tabla1[[#This Row],[categoria]] & " -- " & Tabla1[[#This Row],[recomendacion]] -> Dimensión: Didáctica inclusiva -- Subdimensión: Didáctica -- Categoría: -- Personalice los REA según el entorno de vida de sus estudiantes. | I17: =IFERROR(VLOOKUP(Tabla1[[#This Row],[dimension]],Datos!$B$2:$C$6,2,0),"dim") -> DI | J17: =IFERROR(VLOOKUP(Tabla1[[#This Row],[subdimension]],Datos!$E$2:$F$20,2,0),"subdim") -> DD | K17: =IFERROR(VLOOKUP(Tabla1[[#This Row],[categoria]],Datos!$H$2:$I$21,2,0),"cat") -> cat
B18: =+Tabla1[[#This Row],[dimension_id]]&"_"&Tabla1[[#This Row],[subdimension_id]]&"_"&Tabla1[[#This Row],[categoria_id]] -> DI_PA_cat | C18: Didáctica inclusiva | D18: Participación | F18: Asegúrese de que las actividades de aprendizaje brinden oportunidades de interacción que respalden el aprendizaje activo. | G18: En una actividad de Piensa-En pareja-Comparte, los estudiantes reflexionan sobre una pregunta, la discuten con un compañero y la comparten con la clase. Esto promueve la interacción, el pensamiento crítico y el aprendizaje activo. | H18: =+"Dimensión: " & Tabla1[[#This Row],[dimension]] & " -- " & "Subdimensión: " & Tabla1[[#This Row],[subdimension]] & " -- " & "Categoría: " & Tabla1[[#This Row],[categoria]] & " -- " & Tabla1[[#This Row],[recomendacion]] -> Dimensión: Didáctica inclusiva -- Subdimensión: Participación -- Categoría: -- Asegúrese de que las actividades de aprendizaje brinden oportunidades de interacción que respalden el aprendizaje activo. | I18: =IFERROR(VLOOKUP(Tabla1[[#This Row],[dimension]],Datos!$B$2:$C$6,2,0),"dim") -> DI | J18: =IFERROR(VLOOKUP(Tabla1[[#This Row],[subdimension]],Datos!$E$2:$F$20,2,0),"subdim") -> PA | K18: =IFERROR(VLOOKUP(Tabla1[[#This Row],[categoria]],Datos!$H$2:$I$21,2,0),"cat") -> cat
B19: =+Tabla1[[#This Row],[dimension_id]]&"_"&Tabla1[[#This Row],[subdimension_id]]&"_"&Tabla1[[#This Row],[categoria_id]] -> DI_PA_cat | C19: Didáctica inclusiva | D19: Participación | F19: Cuando sea posible, cree o adapte los REA para promover el trabajo colaborativo. | H19: =+"Dimensión: " & Tabla1[[#This Row],[dimension]] & " -- " & "Subdimensión: " & Tabla1[[#This Row],[subdimension]] & " -- " & "Categoría: " & Tabla1[[#This Row],[categoria]] & " -- " & Tabla1[[#This Row],[recomendacion]] -> Dimensión: Didáctica inclusiva -- Subdimensión: Participación -- Categoría: -- Cuando sea posible, cree o adapte los REA para promover el trabajo colaborativo. | I19: =IFERROR(VLOOKUP(Tabla1[[#This Row],[dimension]],Datos!$B$2:$C$6,2,0),"dim") -> DI | J19: =IFERROR(VLOOKUP(Tabla1[[#This Row],[subdimension]],Datos!$E$2:$F$20,2,0),"subdim") -> PA | K19: =IFERROR(VLOOKUP(Tabla1[[#This Row],[categoria]],Datos!$H$2:$I$21,2,0),"cat") -> cat
B20: =+Tabla1[[#This Row],[dimension_id]]&"_"&Tabla1[[#This Row],[subdimension_id]]&"_"&Tabla1[[#This Row],[categoria_id]] -> DI_PA_cat | C20: Didáctica inclusiva | D20: Participación | F20: Asegúrese de que los REA faciliten la participación de todos los estudiantes, de acuerdo con sus capacidades y habilidades, creando oportunidades de aprendizaje para todos. | H20: =+"Dimensión: " & Tabla1[[#This Row],[dimension]] & " -- " & "Subdimensión: " & Tabla1[[#This Row],[subdimension]] & " -- " & "Categoría: " & Tabla1[[#This Row],[categoria]] & " -- " & Tabla1[[#This Row],[recomendacion]] -> Dimensión: Didáctica inclusiva -- Subdimensión: Participación -- Categoría: -- Asegúrese de que los REA faciliten la participación de todos los estudiantes, de acuerdo con sus capacidades y habilidades, creando oportunidades de aprendizaje para todos. | I20: =IFERROR(VLOOKUP(Tabla1[[#This Row],[dimension]],Datos!$B$2:$C$6,2,0),"dim") -> DI | J20: =IFERROR(VLOOKUP(Tabla1[[#This Row],[subdimension]],Datos!$E$2:$F$20,2,0),"subdim") -> PA | K20: =IFERROR(VLOOKUP(Tabla1[[#This Row],[categoria]],Datos!$H$2:$I$21,2,0),"cat") -> cat
B21: =+Tabla1[[#This Row],[dimension_id]]&"_"&Tabla1[[#This Row],[subdimension_id]]&"_"&Tabla1[[#This Row],[categoria_id]] -> DI_PA_cat | C21: Didáctica inclusiva | D21: Participación | F21: Al planificar actividades de grupo, considere cómo la composición del grupo (más heterogénea o más homogénea) puede permitir el mejor resultado de aprendizaje posible para todos los estudiantes, teniendo en cuenta las competencias académicas y sociales de todos los estudiantes. | H21: =+"Dimensión: " & Tabla1[[#This Row],[dimension]] & " -- " & "Subdimensión: " & Tabla1[[#This Row],[subdimension]] & " -- " & "Categoría: " & Tabla1[[#This Row],[categoria]] & " -- " & Tabla1[[#This Row],[recomendacion]] -> Dimensión: Didáctica inclusiva -- Subdimensión: Participación -- Categoría: -- Al planificar actividades de grupo, considere cómo la composición del grupo (más heterogénea o más homogénea) puede permitir el mejor resultado de aprendizaje posible para todos los estudiantes, teniendo en cuenta las competencias académicas y sociales de todos los estudiantes. | I21: =IFERROR(VLOOKUP(Tabla1[[#This Row],[dimension]],Datos!$B$2:$C$6,2,0),"dim") -> DI | J21: =IFERROR(VLOOKUP(Tabla1[[#This Row],[subdimension]],Datos!$E$2:$F$20,2,0),"subdim") -> PA | K21: =IFERROR(VLOOKUP(Tabla1[[#This Row],[categoria]],Datos!$H$2:$I$21,2,0),"cat") -> cat
B22: =+Tabla1[[#This Row],[dimension_id]]&"_"&Tabla1[[#This Row],[subdimension_id]]&"_"&Tabla1[[#This Row],[categoria_id]] -> DI_RP_cat | C22: Didáctica inclusiva | D22: Relevancia práctica | F22: Cree o utilice REA que también apoyen la adquisición de habilidades blandas, como la cooperación, la toma de decisiones, la resolución de problemas, el pensamiento crítico, el respeto, la comunicación no violenta, el manejo de las emociones y el estrés. | G22: Desarrolle un REA para enseñar a gestionar el estrés o a hablar en público. | H22: =+"Dimensión: " & Tabla1[[#This Row],[dimension]] & " -- " & "Subdimensión: " & Tabla1[[#This Row],[subdimension]] & " -- " & "Categoría: " & Tabla1[[#This Row],[categoria]] & " -- " & Tabla1[[#This Row],[recomendacion]] -> Dimensión: Didáctica inclusiva -- Subdimensión: Relevancia práctica -- Categoría: -- Cree o utilice REA que también apoyen la adquisición de habilidades blandas, como la cooperación, la toma de decisiones, la resolución de problemas, el pensamiento crítico, el respeto, la comunicación no violenta, el manejo de las emociones y el estrés. | I22: =IFERROR(VLOOKUP(Tabla1[[#This Row],[dimension]],Datos!$B$2:$C$6,2,0),"dim") -> DI | J22: =IFERROR(VLOOKUP(Tabla1[[#This Row],[subdimension]],Datos!$E$2:$F$20,2,0),"subdim") -> RP | K22: =IFERROR(VLOOKUP(Tabla1[[#This Row],[categoria]],Datos!$H$2:$I$21,2,0),"cat") -> cat
B23: =+Tabla1[[#This Row],[dimension_id]]&"_"&Tabla1[[#This Row],[subdimension_id]]&"_"&Tabla1[[#This Row],[categoria_id]] -> DI_RR_cat | C23: Didáctica inclusiva | D23: Relevancia en la vida real | F23: Cuando sea posible, cree o utilice REA que promuevan estilos de vida saludables, como la nutrición, la salud mental y la higiene del sueño. | H23: =+"Dimensión: " & Tabla1[[#This Row],[dimension]] & " -- " & "Subdimensión: " & Tabla1[[#This Row],[subdimension]] & " -- " & "Categoría: " & Tabla1[[#This Row],[categoria]] & " -- " & Tabla1[[#This Row],[recomendacion]] -> Dimensión: Didáctica inclusiva -- Subdimensión: Relevancia en la vida real -- Categoría: -- Cuando sea posible, cree o utilice REA que promuevan estilos de vida saludables, como la nutrición, la salud mental y la higiene del sueño. | I23: =IFERROR(VLOOKUP(Tabla1[[#This Row],[dimension]],Datos!$B$2:$C$6,2,0),"dim") -> DI | J23: =IFERROR(VLOOKUP(Tabla1[[#This Row],[subdimension]],Datos!$E$2:$F$20,2,0),"subdim") -> RR | K23: =IFERROR(VLOOKUP(Tabla1[[#This Row],[categoria]],Datos!$H$2:$I$21,2,0),"cat") -> cat
B24: =+Tabla1[[#This Row],[dimension_id]]&"_"&Tabla1[[#This Row],[subdimension_id]]&"_"&Tabla1[[#This Row],[categoria_id]] -> DI_MO_cat | C24: Didáctica inclusiva | D24: Motivación | F24: Asegúrese de que el REA sea atractivo, interesante y llamativo, ya que puede tener un impacto positivo en la motivación de los estudiantes. | H24: =+"Dimensión: " & Tabla1[[#This Row],[dimension]] & " -- " & "Subdimensión: " & Tabla1[[#This Row],[subdimension]] & " -- " & "Categoría: " & Tabla1[[#This Row],[categoria]] & " -- " & Tabla1[[#This Row],[recomendacion]] -> Dimensión: Didáctica inclusiva -- Subdimensión: Motivación -- Categoría: -- Asegúrese de que el REA sea atractivo, interesante y llamativo, ya que puede tener un impacto positivo en la motivación de los estudiantes. | I24: =IFERROR(VLOOKUP(Tabla1[[#This Row],[dimension]],Datos!$B$2:$C$6,2,0),"dim") -> DI | J24: =IFERROR(VLOOKUP(Tabla1[[#This Row],[subdimension]],Datos!$E$2:$F$20,2,0),"subdim") -> MO | K24: =IFERROR(VLOOKUP(Tabla1[[#This Row],[categoria]],Datos!$H$2:$I$21,2,0),"cat") -> cat
B25: =+Tabla1[[#This Row],[dimension_id]]&"_"&Tabla1[[#This Row],[subdimension_id]]&"_"&Tabla1[[#This Row],[categoria_id]] -> DI_MO_cat | C25: Didáctica inclusiva | D25: Motivación | F25: Asegúrese de que los REA capten y mantengan la atención y el interés de los estudiantes. | G25: Utilice el humor (si es apropiado), utilice ejemplos de la vida diaria de los estudiantes, permita el aprendizaje lúdico, incluya los pasatiempos e intereses de los estudiantes, etc. | H25: =+"Dimensión: " & Tabla1[[#This Row],[dimension]] & " -- " & "Subdimensión: " & Tabla1[[#This Row],[subdimension]] & " -- " & "Categoría: " & Tabla1[[#This Row],[categoria]] & " -- " & Tabla1[[#This Row],[recomendacion]] -> Dimensión: Didáctica inclusiva -- Subdimensión: Motivación -- Categoría: -- Asegúrese de que los REA capten y mantengan la atención y el interés de los estudiantes. | I25: =IFERROR(VLOOKUP(Tabla1[[#This Row],[dimension]],Datos!$B$2:$C$6,2,0),"dim") -> DI | J25: =IFERROR(VLOOKUP(Tabla1[[#This Row],[subdimension]],Datos!$E$2:$F$20,2,0),"subdim") -> MO | K25: =IFERROR(VLOOKUP(Tabla1[[#This Row],[categoria]],Datos!$H$2:$I$21,2,0),"cat") -> cat
B26: =+Tabla1[[#This Row],[dimension_id]]&"_"&Tabla1[[#This Row],[subdimension_id]]&"_"&Tabla1[[#This Row],[categoria_id]] -> DI_EF_cat | C26: Didáctica inclusiva | D26: Evaluación formativa | F26: Incluya observación formativa y evaluación sumativa para asegurarse de poder seguir el proceso de aprendizaje de los estudiantes. | G26: Los estudiantes ven un video sobre el ciclo del agua. El profesor observa las discusiones (formativas) y asigna un breve cuestionario (sumativo) para comprobar la comprensión. | H26: =+"Dimensión: " & Tabla1[[#This Row],[dimension]] & " -- " & "Subdimensión: " & Tabla1[[#This Row],[subdimension]] & " -- " & "Categoría: " & Tabla1[[#This Row],[categoria]] & " -- " & Tabla1[[#This Row],[recomendacion]] -> Dimensión: Didáctica inclusiva -- Subdimensión: Evaluación formativa -- Categoría: -- Incluya observación formativa y evaluación sumativa para asegurarse de poder seguir el proceso de aprendizaje de los estudiantes. | I26: =IFERROR(VLOOKUP(Tabla1[[#This Row],[dimension]],Datos!$B$2:$C$6,2,0),"dim") -> DI | J26: =IFERROR(VLOOKUP(Tabla1[[#This Row],[subdimension]],Datos!$E$2:$F$20,2,0),"subdim") -> EF | K26: =IFERROR(VLOOKUP(Tabla1[[#This Row],[categoria]],Datos!$H$2:$I$21,2,0),"cat") -> cat
B27: =+Tabla1[[#This Row],[dimension_id]]&"_"&Tabla1[[#This Row],[subdimension_id]]&"_"&Tabla1[[#This Row],[categoria_id]] -> TT_subdim_AP | C27: Dimensión técnica y tecnológica | E27: Aprendizaje personalizado | F27: Valora si las herramientas tecnológicas empleadas en el REA facilitan la consecución de los objetivos de aprendizaje marcados. | H27: =+"Dimensión: " & Tabla1[[#This Row],[dimension]] & " -- " & "Subdimensión: " & Tabla1[[#This Row],[subdimension]] & " -- " & "Categoría: " & Tabla1[[#This Row],[categoria]] & " -- " & Tabla1[[#This Row],[recomendacion]] -> Dimensión: Dimensión técnica y tecnológica -- Subdimensión: -- Categoría: Aprendizaje personalizado -- Valora si las herramientas tecnológicas empleadas en el REA facilitan la consecución de los objetivos de aprendizaje marcados. | I27: =IFERROR(VLOOKUP(Tabla1[[#This Row],[dimension]],Datos!$B$2:$C$6,2,0),"dim") -> TT | J27: =IFERROR(VLOOKUP(Tabla1[[#This Row],[subdimension]],Datos!$E$2:$F$20,2,0),"subdim") -> subdim | K27: =IFERROR(VLOOKUP(Tabla1[[#This Row],[categoria]],Datos!$H$2:$I$21,2,0),"cat") -> AP
B28: =+Tabla1[[#This Row],[dimension_id]]&"_"&Tabla1[[#This Row],[subdimension_id]]&"_"&Tabla1[[#This Row],[categoria_id]] -> TT_subdim_AP | C28: Dimensión técnica y tecnológica | E28: Aprendizaje personalizado | F28: Asegúrate de que las herramientas tecnológicas y recursos empleados en los REA fomentan la participación del alumnado y el aprendizaje activo. | G28: Usa foros, herramientas de aprendizaje colaborativo, herramientas de autoevaluación, etc. | H28: =+"Dimensión: " & Tabla1[[#This Row],[dimension]] & " -- " & "Subdimensión: " & Tabla1[[#This Row],[subdimension]] & " -- " & "Categoría: " & Tabla1[[#This Row],[categoria]] & " -- " & Tabla1[[#This Row],[recomendacion]] -> Dimensión: Dimensión técnica y tecnológica -- Subdimensión: -- Categoría: Aprendizaje personalizado -- Asegúrate de que las herramientas tecnológicas y recursos empleados en los REA fomentan la participación del alumnado y el aprendizaje activo. | I28: =IFERROR(VLOOKUP(Tabla1[[#This Row],[dimension]],Datos!$B$2:$C$6,2,0),"dim") -> TT | J28: =IFERROR(VLOOKUP(Tabla1[[#This Row],[subdimension]],Datos!$E$2:$F$20,2,0),"subdim") -> subdim | K28: =IFERROR(VLOOKUP(Tabla1[[#This Row],[categoria]],Datos!$H$2:$I$21,2,0),"cat") -> AP
B29: =+Tabla1[[#This Row],[dimension_id]]&"_"&Tabla1[[#This Row],[subdimension_id]]&"_"&Tabla1[[#This Row],[categoria_id]] -> TT_subdim_AP | C29: Dimensión técnica y tecnológica | E29: Aprendizaje personalizado | F29: Comprueba que todo el alumnado tenga acceso a los medios tecnológicos requeridos para consultar el REA. | G29: Cerciórate de que los alumnos disponen de ordenador, acceso a internet o una impresora. | H29: =+"Dimensión: " & Tabla1[[#This Row],[dimension]] & " -- " & "Subdimensión: " & Tabla1[[#This Row],[subdimension]] & " -- " & "Categoría: " & Tabla1[[#This Row],[categoria]] & " -- " & Tabla1[[#This Row],[recomendacion]] -> Dimensión: Dimensión técnica y tecnológica -- Subdimensión: -- Categoría: Aprendizaje personalizado -- Comprueba que todo el alumnado tenga acceso a los medios tecnológicos requeridos para consultar el REA. | I29: =IFERROR(VLOOKUP(Tabla1[[#This Row],[dimension]],Datos!$B$2:$C$6,2,0),"dim") -> TT | J29: =IFERROR(VLOOKUP(Tabla1[[#This Row],[subdimension]],Datos!$E$2:$F$20,2,0),"subdim") -> subdim | K29: =IFERROR(VLOOKUP(Tabla1[[#This Row],[categoria]],Datos!$H$2:$I$21,2,0),"cat") -> AP
B30: =+Tabla1[[#This Row],[dimension_id]]&"_"&Tabla1[[#This Row],[subdimension_id]]&"_"&Tabla1[[#This Row],[categoria_id]] -> TT_subdim_AP | C30: Dimensión técnica y tecnológica | E30: Aprendizaje personalizado | F30: Garantiza que los estudiantes con necesidades especiales también tengan acceso a los medios tecnológicos requeridos para usar el REA. | G30: Comprueba que el alumnado con discapacidad visual cuenta con un lector de pantalla o proporciona un ratón ergonómico para estudiantes con movilidad reducida. | H30: =+"Dimensión: " & Tabla1[[#This Row],[dimension]] & " -- " & "Subdimensión: " & Tabla1[[#This Row],[subdimension]] & " -- " & "Categoría: " & Tabla1[[#This Row],[categoria]] & " -- " & Tabla1[[#This Row],[recomendacion]] -> Dimensión: Dimensión técnica y tecnológica -- Subdimensión: -- Categoría: Aprendizaje personalizado -- Garantiza que los estudiantes con necesidades especiales también tengan acceso a los medios tecnológicos requeridos para usar el REA. | I30: =IFERROR(VLOOKUP(Tabla1[[#This Row],[dimension]],Datos!$B$2:$C$6,2,0),"dim") -> TT | J30: =IFERROR(VLOOKUP(Tabla1[[#This Row],[subdimension]],Datos!$E$2:$F$20,2,0),"subdim") -> subdim | K30: =IFERROR(VLOOKUP(Tabla1[[#This Row],[categoria]],Datos!$H$2:$I$21,2,0),"cat") -> AP
B31: =+Tabla1[[#This Row],[dimension_id]]&"_"&Tabla1[[#This Row],[subdimension_id]]&"_"&Tabla1[[#This Row],[categoria_id]] -> TT_subdim_ADP | C31: Dimensión técnica y tecnológica | E31: Adaptabilidad | F31: Diseña REA que se puedan utilizar en diferentes contextos educativos: en clase, en ordenadores o en otros dispositivos (como tabletas o pizarras electrónicas), sistemas de e-learning, etc. Asegúrate de que el REA pueda ser modificado, actualizado o adaptado en función de los intereses y necesidades del alumnado. | G31: Facilita el REA en un formato editable (p. ej.: Word), en un archivo de texto plano o proporciona el código fuente para que pueda ser modificado. | H31: =+"Dimensión: " & Tabla1[[#This Row],[dimension]] & " -- " & "Subdimensión: " & Tabla1[[#This Row],[subdimension]] & " -- " & "Categoría: " & Tabla1[[#This Row],[categoria]] & " -- " & Tabla1[[#This Row],[recomendacion]] -> Dimensión: Dimensión técnica y tecnológica -- Subdimensión: -- Categoría: Adaptabilidad -- Diseña REA que se puedan utilizar en diferentes contextos educativos: en clase, en ordenadores o en otros dispositivos (como tabletas o pizarras electrónicas), sistemas de e-learning, etc. Asegúrate de que el REA pueda ser modificado, actualizado o adaptado en función de los intereses y necesidades del alumnado. | I31: =IFERROR(VLOOKUP(Tabla1[[#This Row],[dimension]],Datos!$B$2:$C$6,2,0),"dim") -> TT | J31: =IFERROR(VLOOKUP(Tabla1[[#This Row],[subdimension]],Datos!$E$2:$F$20,2,0),"subdim") -> subdim | K31: =IFERROR(VLOOKUP(Tabla1[[#This Row],[categoria]],Datos!$H$2:$I$21,2,0),"cat") -> ADP
B32: =+Tabla1[[#This Row],[dimension_id]]&"_"&Tabla1[[#This Row],[subdimension_id]]&"_"&Tabla1[[#This Row],[categoria_id]] -> TT_subdim_SEG | C32: Dimensión técnica y tecnológica | E32: Seguridad | F32: Desarrolla el REA teniendo en cuenta todas las medidas posibles para garantizar la seguridad, la integridad y validez de la información. | G32: Utiliza protección por contraseña, encriptación, plataformas seguras, sistemas de gestión del aprendizaje, etc. | H32: =+"Dimensión: " & Tabla1[[#This Row],[dimension]] & " -- " & "Subdimensión: " & Tabla1[[#This Row],[subdimension]] & " -- " & "Categoría: " & Tabla1[[#This Row],[categoria]] & " -- " & Tabla1[[#This Row],[recomendacion]] -> Dimensión: Dimensión técnica y tecnológica -- Subdimensión: -- Categoría: Seguridad -- Desarrolla el REA teniendo en cuenta todas las medidas posibles para garantizar la seguridad, la integridad y validez de la información. | I32: =IFERROR(VLOOKUP(Tabla1[[#This Row],[dimension]],Datos!$B$2:$C$6,2,0),"dim") -> TT | J32: =IFERROR(VLOOKUP(Tabla1[[#This Row],[subdimension]],Datos!$E$2:$F$20,2,0),"subdim") -> subdim | K32: =IFERROR(VLOOKUP(Tabla1[[#This Row],[categoria]],Datos!$H$2:$I$21,2,0),"cat") -> SEG
B33: =+Tabla1[[#This Row],[dimension_id]]&"_"&Tabla1[[#This Row],[subdimension_id]]&"_"&Tabla1[[#This Row],[categoria_id]] -> TT_subdim_AYU | C33: Dimensión técnica y tecnológica | E33: Ayuda | F33: Garantiza la disponibilidad de enlaces o explicaciones sobre asistencia técnica en el REA. | G33: Ofrece sugerencias de solución a posibles problemas técnicos o enlaces a asistencia técnica. | H33: =+"Dimensión: " & Tabla1[[#This Row],[dimension]] & " -- " & "Subdimensión: " & Tabla1[[#This Row],[subdimension]] & " -- " & "Categoría: " & Tabla1[[#This Row],[categoria]] & " -- " & Tabla1[[#This Row],[recomendacion]] -> Dimensión: Dimensión técnica y tecnológica -- Subdimensión: -- Categoría: Ayuda -- Garantiza la disponibilidad de enlaces o explicaciones sobre asistencia técnica en el REA. | I33: =IFERROR(VLOOKUP(Tabla1[[#This Row],[dimension]],Datos!$B$2:$C$6,2,0),"dim") -> TT | J33: =IFERROR(VLOOKUP(Tabla1[[#This Row],[subdimension]],Datos!$E$2:$F$20,2,0),"subdim") -> subdim | K33: =IFERROR(VLOOKUP(Tabla1[[#This Row],[categoria]],Datos!$H$2:$I$21,2,0),"cat") -> AYU
B34: =+Tabla1[[#This Row],[dimension_id]]&"_"&Tabla1[[#This Row],[subdimension_id]]&"_"&Tabla1[[#This Row],[categoria_id]] -> TT_subdim_AYU | C34: Dimensión técnica y tecnológica | E34: Ayuda | F34: Comprueba la disponibilidad de funciones de ayuda que identifiquen los problemas más comunes de los usuarios y sus soluciones. | G34: Asegúrate de que la interfaz de usuario disponga de mecanismos (p. ej., preguntas frecuentes o documentación de ayuda) para que los usuarios puedan solucionar los problemas que surjan en el uso del REA. Además, la ayuda debe ser fácil de localizar, especificar los pasos necesarios para resolver el problema y no ser muy extensa. | H34: =+"Dimensión: " & Tabla1[[#This Row],[dimension]] & " -- " & "Subdimensión: " & Tabla1[[#This Row],[subdimension]] & " -- " & "Categoría: " & Tabla1[[#This Row],[categoria]] & " -- " & Tabla1[[#This Row],[recomendacion]] -> Dimensión: Dimensión técnica y tecnológica -- Subdimensión: -- Categoría: Ayuda -- Comprueba la disponibilidad de funciones de ayuda que identifiquen los problemas más comunes de los usuarios y sus soluciones. | I34: =IFERROR(VLOOKUP(Tabla1[[#This Row],[dimension]],Datos!$B$2:$C$6,2,0),"dim") -> TT | J34: =IFERROR(VLOOKUP(Tabla1[[#This Row],[subdimension]],Datos!$E$2:$F$20,2,0),"subdim") -> subdim | K34: =IFERROR(VLOOKUP(Tabla1[[#This Row],[categoria]],Datos!$H$2:$I$21,2,0),"cat") -> AYU
B35: =+Tabla1[[#This Row],[dimension_id]]&"_"&Tabla1[[#This Row],[subdimension_id]]&"_"&Tabla1[[#This Row],[categoria_id]] -> TT_US_DIS | C35: Dimensión técnica y tecnológica | D35: Usabilidad | E35: Diseño | F35: Garantiza que el diseño visual de la interfaz de usuario sea claro y coherente para facilitar el aprendizaje. Evita el ruido visual y la sobrecarga de información. | G35: Emplea títulos breves, una fuente legible, justificación a la izquierda, colores equilibrados, etc. Evita elementos de distracción como colores irrelevantes o figuras e iconos con una función meramente ornamental. | H35: =+"Dimensión: " & Tabla1[[#This Row],[dimension]] & " -- " & "Subdimensión: " & Tabla1[[#This Row],[subdimension]] & " -- " & "Categoría: " & Tabla1[[#This Row],[categoria]] & " -- " & Tabla1[[#This Row],[recomendacion]] -> Dimensión: Dimensión técnica y tecnológica -- Subdimensión: Usabilidad -- Categoría: Diseño -- Garantiza que el diseño visual de la interfaz de usuario sea claro y coherente para facilitar el aprendizaje. Evita el ruido visual y la sobrecarga de información. | I35: =IFERROR(VLOOKUP(Tabla1[[#This Row],[dimension]],Datos!$B$2:$C$6,2,0),"dim") -> TT | J35: =IFERROR(VLOOKUP(Tabla1[[#This Row],[subdimension]],Datos!$E$2:$F$20,2,0),"subdim") -> US | K35: =IFERROR(VLOOKUP(Tabla1[[#This Row],[categoria]],Datos!$H$2:$I$21,2,0),"cat") -> DIS
B36: =+Tabla1[[#This Row],[dimension_id]]&"_"&Tabla1[[#This Row],[subdimension_id]]&"_"&Tabla1[[#This Row],[categoria_id]] -> TT_US_DIS | C36: Dimensión técnica y tecnológica | D36: Usabilidad | E36: Diseño | F36: Asegúrate de que el diseño del REA sea intuitivo. | G36: Parte de un diseño visual al que los usuarios estén habituados. Por ejemplo, utiliza iconos o imágenes de función inequívoca (p. ej.: una papelera como icono de eliminación). | H36: =+"Dimensión: " & Tabla1[[#This Row],[dimension]] & " -- " & "Subdimensión: " & Tabla1[[#This Row],[subdimension]] & " -- " & "Categoría: " & Tabla1[[#This Row],[categoria]] & " -- " & Tabla1[[#This Row],[recomendacion]] -> Dimensión: Dimensión técnica y tecnológica -- Subdimensión: Usabilidad -- Categoría: Diseño -- Asegúrate de que el diseño del REA sea intuitivo. | I36: =IFERROR(VLOOKUP(Tabla1[[#This Row],[dimension]],Datos!$B$2:$C$6,2,0),"dim") -> TT | J36: =IFERROR(VLOOKUP(Tabla1[[#This Row],[subdimension]],Datos!$E$2:$F$20,2,0),"subdim") -> US | K36: =IFERROR(VLOOKUP(Tabla1[[#This Row],[categoria]],Datos!$H$2:$I$21,2,0),"cat") -> DIS
B37: =+Tabla1[[#This Row],[dimension_id]]&"_"&Tabla1[[#This Row],[subdimension_id]]&"_"&Tabla1[[#This Row],[categoria_id]] -> TT_US_PER | C37: Dimensión técnica y tecnológica | D37: Usabilidad | E37: Personalización | F37: Comprueba que el usuario pueda personalizar la interfaz (p. ej., cambiar el color de fondo o aumentar el contraste) para mejorar la legibilidad y la usabilidad del REA. | G37: Escoge colores oscuros para el texto y colores claros para el fondo. Puedes verificar que el contraste de colores sea el adecuado con herramientas como Color Contrast Analyzer. | H37: =+"Dimensión: " & Tabla1[[#This Row],[dimension]] & " -- " & "Subdimensión: " & Tabla1[[#This Row],[subdimension]] & " -- " & "Categoría: " & Tabla1[[#This Row],[categoria]] & " -- " & Tabla1[[#This Row],[recomendacion]] -> Dimensión: Dimensión técnica y tecnológica -- Subdimensión: Usabilidad -- Categoría: Personalización -- Comprueba que el usuario pueda personalizar la interfaz (p. ej., cambiar el color de fondo o aumentar el contraste) para mejorar la legibilidad y la usabilidad del REA. | I37: =IFERROR(VLOOKUP(Tabla1[[#This Row],[dimension]],Datos!$B$2:$C$6,2,0),"dim") -> TT | J37: =IFERROR(VLOOKUP(Tabla1[[#This Row],[subdimension]],Datos!$E$2:$F$20,2,0),"subdim") -> US | K37: =IFERROR(VLOOKUP(Tabla1[[#This Row],[categoria]],Datos!$H$2:$I$21,2,0),"cat") -> PER
B38: =+Tabla1[[#This Row],[dimension_id]]&"_"&Tabla1[[#This Row],[subdimension_id]]&"_"&Tabla1[[#This Row],[categoria_id]] -> TT_US_FUE | C38: Dimensión técnica y tecnológica | D38: Usabilidad | E38: Fuente | F38: Revisa que las fuentes empleadas sean legibles y visualmente atractivas o facilita que el usuario cambie el tipo de fuente, el color y el tamaño. | G38: Usa Times New Roman, Georgia, Arial, Calibri, Verdana o Tahoma. Si bien el tamaño mínimo es 10, se recomienda aumentarlo a 12 o 14 para estudiantes con discapacidad visual o dificultades de lectoescritura. | H38: =+"Dimensión: " & Tabla1[[#This Row],[dimension]] & " -- " & "Subdimensión: " & Tabla1[[#This Row],[subdimension]] & " -- " & "Categoría: " & Tabla1[[#This Row],[categoria]] & " -- " & Tabla1[[#This Row],[recomendacion]] -> Dimensión: Dimensión técnica y tecnológica -- Subdimensión: Usabilidad -- Categoría: Fuente -- Revisa que las fuentes empleadas sean legibles y visualmente atractivas o facilita que el usuario cambie el tipo de fuente, el color y el tamaño. | I38: =IFERROR(VLOOKUP(Tabla1[[#This Row],[dimension]],Datos!$B$2:$C$6,2,0),"dim") -> TT | J38: =IFERROR(VLOOKUP(Tabla1[[#This Row],[subdimension]],Datos!$E$2:$F$20,2,0),"subdim") -> US | K38: =IFERROR(VLOOKUP(Tabla1[[#This Row],[categoria]],Datos!$H$2:$I$21,2,0),"cat") -> FUE
B39: =+Tabla1[[#This Row],[dimension_id]]&"_"&Tabla1[[#This Row],[subdimension_id]]&"_"&Tabla1[[#This Row],[categoria_id]] -> TT_US_DIS | C39: Dimensión técnica y tecnológica | D39: Usabilidad | E39: Diseño y formato | F39: Verifica que el diseño de la interfaz refleje la información correctamente jerarquizada. | G39: Diseña los elementos de la interfaz (títulos, botones, enlaces, menús, etc.) de manera que sea comprensible y de fácil navegación. | H39: =+"Dimensión: " & Tabla1[[#This Row],[dimension]] & " -- " & "Subdimensión: " & Tabla1[[#This Row],[subdimension]] & " -- " & "Categoría: " & Tabla1[[#This Row],[categoria]] & " -- " & Tabla1[[#This Row],[recomendacion]] -> Dimensión: Dimensión técnica y tecnológica -- Subdimensión: Usabilidad -- Categoría: Diseño y formato -- Verifica que el diseño de la interfaz refleje la información correctamente jerarquizada. | I39: =IFERROR(VLOOKUP(Tabla1[[#This Row],[dimension]],Datos!$B$2:$C$6,2,0),"dim") -> TT | J39: =IFERROR(VLOOKUP(Tabla1[[#This Row],[subdimension]],Datos!$E$2:$F$20,2,0),"subdim") -> US | K39: =IFERROR(VLOOKUP(Tabla1[[#This Row],[categoria]],Datos!$H$2:$I$21,2,0),"cat") -> DIS
B40: =+Tabla1[[#This Row],[dimension_id]]&"_"&Tabla1[[#This Row],[subdimension_id]]&"_"&Tabla1[[#This Row],[categoria_id]] -> TT_US_NAV | C40: Dimensión técnica y tecnológica | D40: Usabilidad | E40: Navegación | F40: Comprueba que la navegación es previsible y eficaz. | G40: Elige nombres descriptivos para los elementos de navegación y emplea un diseño visual que los diferencie claramente de los demás elementos de la interfaz. | H40: =+"Dimensión: " & Tabla1[[#This Row],[dimension]] & " -- " & "Subdimensión: " & Tabla1[[#This Row],[subdimension]] & " -- " & "Categoría: " & Tabla1[[#This Row],[categoria]] & " -- " & Tabla1[[#This Row],[recomendacion]] -> Dimensión: Dimensión técnica y tecnológica -- Subdimensión: Usabilidad -- Categoría: Navegación -- Comprueba que la navegación es previsible y eficaz. | I40: =IFERROR(VLOOKUP(Tabla1[[#This Row],[dimension]],Datos!$B$2:$C$6,2,0),"dim") -> TT | J40: =IFERROR(VLOOKUP(Tabla1[[#This Row],[subdimension]],Datos!$E$2:$F$20,2,0),"subdim") -> US | K40: =IFERROR(VLOOKUP(Tabla1[[#This Row],[categoria]],Datos!$H$2:$I$21,2,0),"cat") -> NAV
B41: =+Tabla1[[#This Row],[dimension_id]]&"_"&Tabla1[[#This Row],[subdimension_id]]&"_"&Tabla1[[#This Row],[categoria_id]] -> TT_US_NAV | C41: Dimensión técnica y tecnológica | D41: Usabilidad | E41: Navegación | F41: Asegúrate de que la navegación sigue un orden lógico. | G41: Ordena de forma lógica los elementos de navegación (enlaces, barras de navegación, menús, etc.) y verifica que se mantengan siempre en la misma ubicación. Por ejemplo, las barras de navegación se pueden colocar en la parte superior o inferior de la pantalla. Respeta el número de elementos recomendados en un menú de navegación: entre 6 y 8. | H41: =+"Dimensión: " & Tabla1[[#This Row],[dimension]] & " -- " & "Subdimensión: " & Tabla1[[#This Row],[subdimension]] & " -- " & "Categoría: " & Tabla1[[#This Row],[categoria]] & " -- " & Tabla1[[#This Row],[recomendacion]] -> Dimensión: Dimensión técnica y tecnológica -- Subdimensión: Usabilidad -- Categoría: Navegación -- Asegúrate de que la navegación sigue un orden lógico. | I41: =IFERROR(VLOOKUP(Tabla1[[#This Row],[dimension]],Datos!$B$2:$C$6,2,0),"dim") -> TT | J41: =IFERROR(VLOOKUP(Tabla1[[#This Row],[subdimension]],Datos!$E$2:$F$20,2,0),"subdim") -> US | K41: =IFERROR(VLOOKUP(Tabla1[[#This Row],[categoria]],Datos!$H$2:$I$21,2,0),"cat") -> NAV
B42: =+Tabla1[[#This Row],[dimension_id]]&"_"&Tabla1[[#This Row],[subdimension_id]]&"_"&Tabla1[[#This Row],[categoria_id]] -> TT_US_NAV | C42: Dimensión técnica y tecnológica | D42: Usabilidad | E42: Navegación | F42: Integra los sistemas de orientación de la navegación en el REA para que los usuarios sepan dónde se encuentran en cada momento. | G42: Incluye en la interfaz rastro de migas de pan, barras de progreso, itinerarios didácticos, mapas del sitio web, etc. | H42: =+"Dimensión: " & Tabla1[[#This Row],[dimension]] & " -- " & "Subdimensión: " & Tabla1[[#This Row],[subdimension]] & " -- " & "Categoría: " & Tabla1[[#This Row],[categoria]] & " -- " & Tabla1[[#This Row],[recomendacion]] -> Dimensión: Dimensión técnica y tecnológica -- Subdimensión: Usabilidad -- Categoría: Navegación -- Integra los sistemas de orientación de la navegación en el REA para que los usuarios sepan dónde se encuentran en cada momento. | I42: =IFERROR(VLOOKUP(Tabla1[[#This Row],[dimension]],Datos!$B$2:$C$6,2,0),"dim") -> TT | J42: =IFERROR(VLOOKUP(Tabla1[[#This Row],[subdimension]],Datos!$E$2:$F$20,2,0),"subdim") -> US | K42: =IFERROR(VLOOKUP(Tabla1[[#This Row],[categoria]],Datos!$H$2:$I$21,2,0),"cat") -> NAV
B43: =+Tabla1[[#This Row],[dimension_id]]&"_"&Tabla1[[#This Row],[subdimension_id]]&"_"&Tabla1[[#This Row],[categoria_id]] -> TT_US_NAV | C43: Dimensión técnica y tecnológica | D43: Usabilidad | E43: Navegación | F43: Constata que las acciones de navegación se pueden deshacer. | G43: Facilita que los usuarios puedan volver a la página anterior o regresar a la página de inicio desde cualquier página. | H43: =+"Dimensión: " & Tabla1[[#This Row],[dimension]] & " -- " & "Subdimensión: " & Tabla1[[#This Row],[subdimension]] & " -- " & "Categoría: " & Tabla1[[#This Row],[categoria]] & " -- " & Tabla1[[#This Row],[recomendacion]] -> Dimensión: Dimensión técnica y tecnológica -- Subdimensión: Usabilidad -- Categoría: Navegación -- Constata que las acciones de navegación se pueden deshacer. | I43: =IFERROR(VLOOKUP(Tabla1[[#This Row],[dimension]],Datos!$B$2:$C$6,2,0),"dim") -> TT | J43: =IFERROR(VLOOKUP(Tabla1[[#This Row],[subdimension]],Datos!$E$2:$F$20,2,0),"subdim") -> US | K43: =IFERROR(VLOOKUP(Tabla1[[#This Row],[categoria]],Datos!$H$2:$I$21,2,0),"cat") -> NAV
B44: =+Tabla1[[#This Row],[dimension_id]]&"_"&Tabla1[[#This Row],[subdimension_id]]&"_"&Tabla1[[#This Row],[categoria_id]] -> TT_LI_USO | C44: Dimensión técnica y tecnológica | D44: Licencias | E44: Uso de los REA | F44: Asegúrate de que el REA se proporciona bajo una licencia abierta, de uso libre o de código abierto. Indica de manera clara la licencia seleccionada para el REA, de modo que se definan sus condiciones de uso. | G44: Busca la declaración de licencia: verifica si hay una declaración de licencia en el material. Puede estar al principio, al final o en los metadatos de los archivos digitales. Identifica los símbolos o logotipos de las licencias: localiza los logotipos de Creative Commons (p. ej., CC BY, CC BY-SA) o expresiones como "con una licencia...", seguidas del tipo de licencia. Revisa los metadatos: comprueba los metadatos en los recursos en línea (p. ej., las pestañas de "propiedades" o "información" del archivo) para obtener información sobre la licencia. Algunos sitios web también especifican las licencias en su menú inferior o en las secciones de descarga o de política de privacidad. | H44: =+"Dimensión: " & Tabla1[[#This Row],[dimension]] & " -- " & "Subdimensión: " & Tabla1[[#This Row],[subdimension]] & " -- " & "Categoría: " & Tabla1[[#This Row],[categoria]] & " -- " & Tabla1[[#This Row],[recomendacion]] -> Dimensión: Dimensión técnica y tecnológica -- Subdimensión: Licencias -- Categoría: Uso de los REA -- Asegúrate de que el REA se proporciona bajo una licencia abierta, de uso libre o de código abierto. Indica de manera clara la licencia seleccionada para el REA, de modo que se definan sus condiciones de uso. | I44: =IFERROR(VLOOKUP(Tabla1[[#This Row],[dimension]],Datos!$B$2:$C$6,2,0),"dim") -> TT | J44: =IFERROR(VLOOKUP(Tabla1[[#This Row],[subdimension]],Datos!$E$2:$F$20,2,0),"subdim") -> LI | K44: =IFERROR(VLOOKUP(Tabla1[[#This Row],[categoria]],Datos!$H$2:$I$21,2,0),"cat") -> USO
B45: =+Tabla1[[#This Row],[dimension_id]]&"_"&Tabla1[[#This Row],[subdimension_id]]&"_"&Tabla1[[#This Row],[categoria_id]] -> TT_LI_DES | C45: Dimensión técnica y tecnológica | D45: Licencias | E45: Desarrollo de los REA | F45: Asigna la licencia. Sigue estos pasos: — indica la licencia en tu recurso: “[nombre del REA]” de [tu nombre], con una licencia [tipo de licencia]. Publicado en [enlace al sitio web]. — descarga el logotipo de la licencia desde el sitio web enlazado y colócalo en la primera página o en el pie de página de tu REA. | G45: Consulta este ejemplo: “Recyclingkreislauf” de Jessica Berger, con una licencia CC-BY 4.0 International. Publicado en Flickr. | H45: =+"Dimensión: " & Tabla1[[#This Row],[dimension]] & " -- " & "Subdimensión: " & Tabla1[[#This Row],[subdimension]] & " -- " & "Categoría: " & Tabla1[[#This Row],[categoria]] & " -- " & Tabla1[[#This Row],[recomendacion]] -> Dimensión: Dimensión técnica y tecnológica -- Subdimensión: Licencias -- Categoría: Desarrollo de los REA -- Asigna la licencia. Sigue estos pasos: — indica la licencia en tu recurso: “[nombre del REA]” de [tu nombre], con una licencia [tipo de licencia]. Publicado en [enlace al sitio web]. — descarga el logotipo de la licencia desde el sitio web enlazado y colócalo en la primera página o en el pie de página de tu REA. | I45: =IFERROR(VLOOKUP(Tabla1[[#This Row],[dimension]],Datos!$B$2:$C$6,2,0),"dim") -> TT | J45: =IFERROR(VLOOKUP(Tabla1[[#This Row],[subdimension]],Datos!$E$2:$F$20,2,0),"subdim") -> LI | K45: =IFERROR(VLOOKUP(Tabla1[[#This Row],[categoria]],Datos!$H$2:$I$21,2,0),"cat") -> DES
B46: =+Tabla1[[#This Row],[dimension_id]]&"_"&Tabla1[[#This Row],[subdimension_id]]&"_"&Tabla1[[#This Row],[categoria_id]] -> TT_LI_DES | C46: Dimensión técnica y tecnológica | D46: Licencias | E46: Desarrollo de los REA | F46: Asegúrate de que todos los elementos creados o incluidos en el REA (textos, vídeos, archivos de audio u otros materiales) cumplen con los requisitos de la licencia del REA o con los establecidos por otras licencias similares o compatibles, como las Creative Commons. | G46: Comprueba que todos los recursos y materiales empleados en tu REA están correctamente citados y referenciados. | H46: =+"Dimensión: " & Tabla1[[#This Row],[dimension]] & " -- " & "Subdimensión: " & Tabla1[[#This Row],[subdimension]] & " -- " & "Categoría: " & Tabla1[[#This Row],[categoria]] & " -- " & Tabla1[[#This Row],[recomendacion]] -> Dimensión: Dimensión técnica y tecnológica -- Subdimensión: Licencias -- Categoría: Desarrollo de los REA -- Asegúrate de que todos los elementos creados o incluidos en el REA (textos, vídeos, archivos de audio u otros materiales) cumplen con los requisitos de la licencia del REA o con los establecidos por otras licencias similares o compatibles, como las Creative Commons. | I46: =IFERROR(VLOOKUP(Tabla1[[#This Row],[dimension]],Datos!$B$2:$C$6,2,0),"dim") -> TT | J46: =IFERROR(VLOOKUP(Tabla1[[#This Row],[subdimension]],Datos!$E$2:$F$20,2,0),"subdim") -> LI | K46: =IFERROR(VLOOKUP(Tabla1[[#This Row],[categoria]],Datos!$H$2:$I$21,2,0),"cat") -> DES
... B50: =+Tabla1[[#This Row],[dimension_id]]&"_"&Tabla1[[#This Row],[subdimension_id]]&"_"&Tabla1[[#This Row],[categoria_id]] -> TT_MD_ADA | C50: Dimensión técnica y tecnológica | D50: Metadatos | E50: Adaptación de los REA | F50: Asegúrate de que existen mecanismos para que los usuarios suban una versión revisada o adaptada de tu REA. | G50: Posibilita que otros usuarios suban revisiones o adaptaciones de tu REA. Por ejemplo, puedes usar la herramienta eXeLearning. | H50: =+"Dimensión: " & Tabla1[[#This Row],[dimension]] & " -- " & "Subdimensión: " & Tabla1[[#This Row],[subdimension]] & " -- " & "Categoría: " & Tabla1[[#This Row],[categoria]] & " -- " & Tabla1[[#This Row],[recomendacion]] -> Dimensión: Dimensión técnica y tecnológica -- Subdimensión: Metadatos -- Categoría: Adaptación de los REA -- Asegúrate de que existen mecanismos para que los usuarios suban una versión revisada o adaptada de tu REA. | I50: =IFERROR(VLOOKUP(Tabla1[[#This Row],[dimension]],Datos!$B$2:$C$6,2,0),"dim") -> TT | J50: =IFERROR(VLOOKUP(Tabla1[[#This Row],[subdimension]],Datos!$E$2:$F$20,2,0),"subdim") -> MD | K50: =IFERROR(VLOOKUP(Tabla1[[#This Row],[categoria]],Datos!$H$2:$I$21,2,0),"cat") -> ADA
B51: =+Tabla1[[#This Row],[dimension_id]]&"_"&Tabla1[[#This Row],[subdimension_id]]&"_"&Tabla1[[#This Row],[categoria_id]] -> SD_subdim_cat | C51: Sensibilidad hacia la diversidad | F51: Siempre que sea posible, los materiales deben reflejar la diversidad del alumnado en el aula. Ofrezca variedad en las ilustraciones de personajes, estilos de vida, lenguaje, etc. | G51: Por ejemplo, un cómic puede incluir superhéroes con diferentes rasgos físicos y orígenes culturales diversos. | H51: =+"Dimensión: " & Tabla1[[#This Row],[dimension]] & " -- " & "Subdimensión: " & Tabla1[[#This Row],[subdimension]] & " -- " & "Categoría: " & Tabla1[[#This Row],[categoria]] & " -- " & Tabla1[[#This Row],[recomendacion]] -> Dimensión: Sensibilidad hacia la diversidad -- Subdimensión: -- Categoría: -- Siempre que sea posible, los materiales deben reflejar la diversidad del alumnado en el aula. Ofrezca variedad en las ilustraciones de personajes, estilos de vida, lenguaje, etc. | I51: =IFERROR(VLOOKUP(Tabla1[[#This Row],[dimension]],Datos!$B$2:$C$6,2,0),"dim") -> SD | J51: =IFERROR(VLOOKUP(Tabla1[[#This Row],[subdimension]],Datos!$E$2:$F$20,2,0),"subdim") -> subdim | K51: =IFERROR(VLOOKUP(Tabla1[[#This Row],[categoria]],Datos!$H$2:$I$21,2,0),"cat") -> cat
B52: =+Tabla1[[#This Row],[dimension_id]]&"_"&Tabla1[[#This Row],[subdimension_id]]&"_"&Tabla1[[#This Row],[categoria_id]] -> SD_CG_cat | C52: Sensibilidad hacia la diversidad | D52: Conciencia de género | F52: Garantice que no haya predominio de un solo género en las representaciones visuales. | G52: En una imagen de un grupo de 4 estudiantes, puede haber 2 chicas y 2 chicos. No siempre deben aparecer los chicos en el centro o delante de la foto, ni las chicas detrás o a los lados; varíe las imágenes que presente. Si no encuentra una imagen con licencia abierta que cumpla este criterio, utilice herramientas de inteligencia artificial. | H52: =+"Dimensión: " & Tabla1[[#This Row],[dimension]] & " -- " & "Subdimensión: " & Tabla1[[#This Row],[subdimension]] & " -- " & "Categoría: " & Tabla1[[#This Row],[categoria]] & " -- " & Tabla1[[#This Row],[recomendacion]] -> Dimensión: Sensibilidad hacia la diversidad -- Subdimensión: Conciencia de género -- Categoría: -- Garantice que no haya predominio de un solo género en las representaciones visuales. | I52: =IFERROR(VLOOKUP(Tabla1[[#This Row],[dimension]],Datos!$B$2:$C$6,2,0),"dim") -> SD | J52: =IFERROR(VLOOKUP(Tabla1[[#This Row],[subdimension]],Datos!$E$2:$F$20,2,0),"subdim") -> CG | K52: =IFERROR(VLOOKUP(Tabla1[[#This Row],[categoria]],Datos!$H$2:$I$21,2,0),"cat") -> cat
B53: =+Tabla1[[#This Row],[dimension_id]]&"_"&Tabla1[[#This Row],[subdimension_id]]&"_"&Tabla1[[#This Row],[categoria_id]] -> SD_CG_cat | C53: Sensibilidad hacia la diversidad | D53: Conciencia de género | F53: Evite los estereotipos de género en los textos o imágenes al representar actividades profesionales o roles sociales. | G53: Evite mostrar siempre hombres como médicos y mujeres como enfermeras, o madres en casa y padres trabajando. | H53: =+"Dimensión: " & Tabla1[[#This Row],[dimension]] & " -- " & "Subdimensión: " & Tabla1[[#This Row],[subdimension]] & " -- " & "Categoría: " & Tabla1[[#This Row],[categoria]] & " -- " & Tabla1[[#This Row],[recomendacion]] -> Dimensión: Sensibilidad hacia la diversidad -- Subdimensión: Conciencia de género -- Categoría: -- Evite los estereotipos de género en los textos o imágenes al representar actividades profesionales o roles sociales. | I53: =IFERROR(VLOOKUP(Tabla1[[#This Row],[dimension]],Datos!$B$2:$C$6,2,0),"dim") -> SD | J53: =IFERROR(VLOOKUP(Tabla1[[#This Row],[subdimension]],Datos!$E$2:$F$20,2,0),"subdim") -> CG | K53: =IFERROR(VLOOKUP(Tabla1[[#This Row],[categoria]],Datos!$H$2:$I$21,2,0),"cat") -> cat
B54: =+Tabla1[[#This Row],[dimension_id]]&"_"&Tabla1[[#This Row],[subdimension_id]]&"_"&Tabla1[[#This Row],[categoria_id]] -> SD_CG_cat | C54: Sensibilidad hacia la diversidad | D54: Conciencia de género | F54: Asegúrese de no utilizar lenguaje ni imágenes sexistas en cuanto a la ropa mostrada, accesorios, actitudes, aficiones, etc. | G54: Las chicas en una fotografía pueden aparecer tanto con falda como con pantalón, con el pelo corto o largo. Evite los estereotipos, por ejemplo, que los chicos siempre jueguen al fútbol y las chicas siempre vistan de rosa. | H54: =+"Dimensión: " & Tabla1[[#This Row],[dimension]] & " -- " & "Subdimensión: " & Tabla1[[#This Row],[subdimension]] & " -- " & "Categoría: " & Tabla1[[#This Row],[categoria]] & " -- " & Tabla1[[#This Row],[recomendacion]] -> Dimensión: Sensibilidad hacia la diversidad -- Subdimensión: Conciencia de género -- Categoría: -- Asegúrese de no utilizar lenguaje ni imágenes sexistas en cuanto a la ropa mostrada, accesorios, actitudes, aficiones, etc. | I54: =IFERROR(VLOOKUP(Tabla1[[#This Row],[dimension]],Datos!$B$2:$C$6,2,0),"dim") -> SD | J54: =IFERROR(VLOOKUP(Tabla1[[#This Row],[subdimension]],Datos!$E$2:$F$20,2,0),"subdim") -> CG | K54: =IFERROR(VLOOKUP(Tabla1[[#This Row],[categoria]],Datos!$H$2:$I$21,2,0),"cat") -> cat
B55: =+Tabla1[[#This Row],[dimension_id]]&"_"&Tabla1[[#This Row],[subdimension_id]]&"_"&Tabla1[[#This Row],[categoria_id]] -> SD_CG_cat | C55: Sensibilidad hacia la diversidad | D55: Conciencia de género | F55: Evite el uso de generalizaciones masculinas y términos masculinos singulares para referirse a personas de diferentes géneros. Utilice sustantivos que no sean específicos de género. | G55: En lugar de decir “Cada alumno debe hacer sus deberes”, diga “Cada estudiante debe hacer sus deberes” o “Todos los estudiantes deben hacer sus deberes”. Use “oficial” en lugar de “policía” o “mujer policía”. | H55: =+"Dimensión: " & Tabla1[[#This Row],[dimension]] & " -- " & "Subdimensión: " & Tabla1[[#This Row],[subdimension]] & " -- " & "Categoría: " & Tabla1[[#This Row],[categoria]] & " -- " & Tabla1[[#This Row],[recomendacion]] -> Dimensión: Sensibilidad hacia la diversidad -- Subdimensión: Conciencia de género -- Categoría: -- Evite el uso de generalizaciones masculinas y términos masculinos singulares para referirse a personas de diferentes géneros. Utilice sustantivos que no sean específicos de género. | I55: =IFERROR(VLOOKUP(Tabla1[[#This Row],[dimension]],Datos!$B$2:$C$6,2,0),"dim") -> SD | J55: =IFERROR(VLOOKUP(Tabla1[[#This Row],[subdimension]],Datos!$E$2:$F$20,2,0),"subdim") -> CG | K55: =IFERROR(VLOOKUP(Tabla1[[#This Row],[categoria]],Datos!$H$2:$I$21,2,0),"cat") -> cat
B56: =+Tabla1[[#This Row],[dimension_id]]&"_"&Tabla1[[#This Row],[subdimension_id]]&"_"&Tabla1[[#This Row],[categoria_id]] -> SD_CG_cat | C56: Sensibilidad hacia la diversidad | D56: Conciencia de género | F56: Garantice que las contribuciones realizadas en los distintos campos del conocimiento (por ejemplo, arte o biología) por mujeres y hombres sean igualmente visibles. | H56: =+"Dimensión: " & Tabla1[[#This Row],[dimension]] & " -- " & "Subdimensión: " & Tabla1[[#This Row],[subdimension]] & " -- " & "Categoría: " & Tabla1[[#This Row],[categoria]] & " -- " & Tabla1[[#This Row],[recomendacion]] -> Dimensión: Sensibilidad hacia la diversidad -- Subdimensión: Conciencia de género -- Categoría: -- Garantice que las contribuciones realizadas en los distintos campos del conocimiento (por ejemplo, arte o biología) por mujeres y hombres sean igualmente visibles. | I56: =IFERROR(VLOOKUP(Tabla1[[#This Row],[dimension]],Datos!$B$2:$C$6,2,0),"dim") -> SD | J56: =IFERROR(VLOOKUP(Tabla1[[#This Row],[subdimension]],Datos!$E$2:$F$20,2,0),"subdim") -> CG | K56: =IFERROR(VLOOKUP(Tabla1[[#This Row],[categoria]],Datos!$H$2:$I$21,2,0),"cat") -> cat
B57: =+Tabla1[[#This Row],[dimension_id]]&"_"&Tabla1[[#This Row],[subdimension_id]]&"_"&Tabla1[[#This Row],[categoria_id]] -> SD_CG_cat | C57: Sensibilidad hacia la diversidad | D57: Conciencia de género | F57: Ofrezca actividades y ejemplos que promuevan el análisis crítico de las desigualdades de género. Debata y analice los roles de género en distintos contextos, como las responsabilidades domésticas, las profesiones o la representación en los medios. | G57: Por ejemplo, los estudiantes pueden analizar por qué ciertas tareas, como cocinar o cuidar, suelen asociarse a las mujeres, mientras que otras, como las reparaciones domésticas o la gestión económica, se vinculan a los hombres. Anímeles a cuestionar estos estereotipos, compartir experiencias personales y proponer formas de redefinir los roles tradicionales. | H57: =+"Dimensión: " & Tabla1[[#This Row],[dimension]] & " -- " & "Subdimensión: " & Tabla1[[#This Row],[subdimension]] & " -- " & "Categoría: " & Tabla1[[#This Row],[categoria]] & " -- " & Tabla1[[#This Row],[recomendacion]] -> Dimensión: Sensibilidad hacia la diversidad -- Subdimensión: Conciencia de género -- Categoría: -- Ofrezca actividades y ejemplos que promuevan el análisis crítico de las desigualdades de género. Debata y analice los roles de género en distintos contextos, como las responsabilidades domésticas, las profesiones o la representación en los medios. | I57: =IFERROR(VLOOKUP(Tabla1[[#This Row],[dimension]],Datos!$B$2:$C$6,2,0),"dim") -> SD | J57: =IFERROR(VLOOKUP(Tabla1[[#This Row],[subdimension]],Datos!$E$2:$F$20,2,0),"subdim") -> CG | K57: =IFERROR(VLOOKUP(Tabla1[[#This Row],[categoria]],Datos!$H$2:$I$21,2,0),"cat") -> cat
B58: =+Tabla1[[#This Row],[dimension_id]]&"_"&Tabla1[[#This Row],[subdimension_id]]&"_"&Tabla1[[#This Row],[categoria_id]] -> SD_SC_cat | C58: Sensibilidad hacia la diversidad | D58: Sensibilidad cultural | F58: Asegúrese de que haya variedad en la representación visual de las personas (por ejemplo, diferentes características físicas), de modo que todos los estudiantes se sientan representados. | G58: Si en su clase hay personas de diferentes razas, incluya representaciones gráficas diversas. | H58: =+"Dimensión: " & Tabla1[[#This Row],[dimension]] & " -- " & "Subdimensión: " & Tabla1[[#This Row],[subdimension]] & " -- " & "Categoría: " & Tabla1[[#This Row],[categoria]] & " -- " & Tabla1[[#This Row],[recomendacion]] -> Dimensión: Sensibilidad hacia la diversidad -- Subdimensión: Sensibilidad cultural -- Categoría: -- Asegúrese de que haya variedad en la representación visual de las personas (por ejemplo, diferentes características físicas), de modo que todos los estudiantes se sientan representados. | I58: =IFERROR(VLOOKUP(Tabla1[[#This Row],[dimension]],Datos!$B$2:$C$6,2,0),"dim") -> SD | J58: =IFERROR(VLOOKUP(Tabla1[[#This Row],[subdimension]],Datos!$E$2:$F$20,2,0),"subdim") -> SC | K58: =IFERROR(VLOOKUP(Tabla1[[#This Row],[categoria]],Datos!$H$2:$I$21,2,0),"cat") -> cat
B59: =+Tabla1[[#This Row],[dimension_id]]&"_"&Tabla1[[#This Row],[subdimension_id]]&"_"&Tabla1[[#This Row],[categoria_id]] -> SD_SC_cat | C59: Sensibilidad hacia la diversidad | D59: Sensibilidad cultural | F59: Utilice ejemplos en los textos o en otros medios que procedan de distintas culturas y tradiciones. | G59: Por ejemplo, mencione la música tradicional o la preparación de comidas típicas en Navidad o durante el Ramadán. | H59: =+"Dimensión: " & Tabla1[[#This Row],[dimension]] & " -- " & "Subdimensión: " & Tabla1[[#This Row],[subdimension]] & " -- " & "Categoría: " & Tabla1[[#This Row],[categoria]] & " -- " & Tabla1[[#This Row],[recomendacion]] -> Dimensión: Sensibilidad hacia la diversidad -- Subdimensión: Sensibilidad cultural -- Categoría: -- Utilice ejemplos en los textos o en otros medios que procedan de distintas culturas y tradiciones. | I59: =IFERROR(VLOOKUP(Tabla1[[#This Row],[dimension]],Datos!$B$2:$C$6,2,0),"dim") -> SD | J59: =IFERROR(VLOOKUP(Tabla1[[#This Row],[subdimension]],Datos!$E$2:$F$20,2,0),"subdim") -> SC | K59: =IFERROR(VLOOKUP(Tabla1[[#This Row],[categoria]],Datos!$H$2:$I$21,2,0),"cat") -> cat
B60: =+Tabla1[[#This Row],[dimension_id]]&"_"&Tabla1[[#This Row],[subdimension_id]]&"_"&Tabla1[[#This Row],[categoria_id]] -> SD_SC_cat | C60: Sensibilidad hacia la diversidad | D60: Sensibilidad cultural | F60: Ofrezca oportunidades intencionadas para conocer diferentes culturas. | G60: Incluya actividades sobre tradiciones de otros países que se celebren en fechas similares; por ejemplo, la Cuaresma cristiana y el Ramadán musulmán. | H60: =+"Dimensión: " & Tabla1[[#This Row],[dimension]] & " -- " & "Subdimensión: " & Tabla1[[#This Row],[subdimension]] & " -- " & "Categoría: " & Tabla1[[#This Row],[categoria]] & " -- " & Tabla1[[#This Row],[recomendacion]] -> Dimensión: Sensibilidad hacia la diversidad -- Subdimensión: Sensibilidad cultural -- Categoría: -- Ofrezca oportunidades intencionadas para conocer diferentes culturas. | I60: =IFERROR(VLOOKUP(Tabla1[[#This Row],[dimension]],Datos!$B$2:$C$6,2,0),"dim") -> SD | J60: =IFERROR(VLOOKUP(Tabla1[[#This Row],[subdimension]],Datos!$E$2:$F$20,2,0),"subdim") -> SC | K60: =IFERROR(VLOOKUP(Tabla1[[#This Row],[categoria]],Datos!$H$2:$I$21,2,0),"cat") -> cat
B61: =+Tabla1[[#This Row],[dimension_id]]&"_"&Tabla1[[#This Row],[subdimension_id]]&"_"&Tabla1[[#This Row],[categoria_id]] -> SD_SC_cat | C61: Sensibilidad hacia la diversidad | D61: Sensibilidad cultural | F61: Garantice que los contenidos sean lo más objetivos posible y respetuosos, libres de sesgos ideológicos. | G61: En las clases de historia, asegúrese de incluir textos que muestren los puntos de vista de las distintas poblaciones involucradas. | H61: =+"Dimensión: " & Tabla1[[#This Row],[dimension]] & " -- " & "Subdimensión: " & Tabla1[[#This Row],[subdimension]] & " -- " & "Categoría: " & Tabla1[[#This Row],[categoria]] & " -- " & Tabla1[[#This Row],[recomendacion]] -> Dimensión: Sensibilidad hacia la diversidad -- Subdimensión: Sensibilidad cultural -- Categoría: -- Garantice que los contenidos sean lo más objetivos posible y respetuosos, libres de sesgos ideológicos. | I61: =IFERROR(VLOOKUP(Tabla1[[#This Row],[dimension]],Datos!$B$2:$C$6,2,0),"dim") -> SD | J61: =IFERROR(VLOOKUP(Tabla1[[#This Row],[subdimension]],Datos!$E$2:$F$20,2,0),"subdim") -> SC | K61: =IFERROR(VLOOKUP(Tabla1[[#This Row],[categoria]],Datos!$H$2:$I$21,2,0),"cat") -> cat
B62: =+Tabla1[[#This Row],[dimension_id]]&"_"&Tabla1[[#This Row],[subdimension_id]]&"_"&Tabla1[[#This Row],[categoria_id]] -> SD_SC_cat | C62: Sensibilidad hacia la diversidad | D62: Sensibilidad cultural | F62: Asegúrese de que las contribuciones realizadas en los diferentes campos del conocimiento por personas de distintas culturas sean igualmente visibles. | G62: Cuando sea apropiado, mencione a personas de diferentes etnias relacionadas con un tema (por ejemplo, ganadores del Premio Nobel de la Paz). | H62: =+"Dimensión: " & Tabla1[[#This Row],[dimension]] & " -- " & "Subdimensión: " & Tabla1[[#This Row],[subdimension]] & " -- " & "Categoría: " & Tabla1[[#This Row],[categoria]] & " -- " & Tabla1[[#This Row],[recomendacion]] -> Dimensión: Sensibilidad hacia la diversidad -- Subdimensión: Sensibilidad cultural -- Categoría: -- Asegúrese de que las contribuciones realizadas en los diferentes campos del conocimiento por personas de distintas culturas sean igualmente visibles. | I62: =IFERROR(VLOOKUP(Tabla1[[#This Row],[dimension]],Datos!$B$2:$C$6,2,0),"dim") -> SD | J62: =IFERROR(VLOOKUP(Tabla1[[#This Row],[subdimension]],Datos!$E$2:$F$20,2,0),"subdim") -> SC | K62: =IFERROR(VLOOKUP(Tabla1[[#This Row],[categoria]],Datos!$H$2:$I$21,2,0),"cat") -> cat
B63: =+Tabla1[[#This Row],[dimension_id]]&"_"&Tabla1[[#This Row],[subdimension_id]]&"_"&Tabla1[[#This Row],[categoria_id]] -> SD_SC_cat | C63: Sensibilidad hacia la diversidad | D63: Sensibilidad cultural | F63: Asegúrese de que los contenidos, los elementos visuales y las estrategias didácticas sean culturalmente sensibles, teniendo en cuenta las diferencias étnicas, religiosas y culturales de los estudiantes. | H63: =+"Dimensión: " & Tabla1[[#This Row],[dimension]] & " -- " & "Subdimensión: " & Tabla1[[#This Row],[subdimension]] & " -- " & "Categoría: " & Tabla1[[#This Row],[categoria]] & " -- " & Tabla1[[#This Row],[recomendacion]] -> Dimensión: Sensibilidad hacia la diversidad -- Subdimensión: Sensibilidad cultural -- Categoría: -- Asegúrese de que los contenidos, los elementos visuales y las estrategias didácticas sean culturalmente sensibles, teniendo en cuenta las diferencias étnicas, religiosas y culturales de los estudiantes. | I63: =IFERROR(VLOOKUP(Tabla1[[#This Row],[dimension]],Datos!$B$2:$C$6,2,0),"dim") -> SD | J63: =IFERROR(VLOOKUP(Tabla1[[#This Row],[subdimension]],Datos!$E$2:$F$20,2,0),"subdim") -> SC | K63: =IFERROR(VLOOKUP(Tabla1[[#This Row],[categoria]],Datos!$H$2:$I$21,2,0),"cat") -> cat
B64: =+Tabla1[[#This Row],[dimension_id]]&"_"&Tabla1[[#This Row],[subdimension_id]]&"_"&Tabla1[[#This Row],[categoria_id]] -> SD_SC_cat | C64: Sensibilidad hacia la diversidad | D64: Sensibilidad cultural | F64: Garantice que el lenguaje del REA sea accesible para todos los estudiantes, teniendo en cuenta su lengua familiar, su dominio del idioma de enseñanza o el multilingüismo. | G64: Si tiene estudiantes que hablan español y árabe, traduzca el REA a ambos idiomas, adapte el nivel de dificultad del lenguaje o añada una herramienta de traducción automática (por ejemplo, Microsoft Immersive Reader o Google Translate). | H64: =+"Dimensión: " & Tabla1[[#This Row],[dimension]] & " -- " & "Subdimensión: " & Tabla1[[#This Row],[subdimension]] & " -- " & "Categoría: " & Tabla1[[#This Row],[categoria]] & " -- " & Tabla1[[#This Row],[recomendacion]] -> Dimensión: Sensibilidad hacia la diversidad -- Subdimensión: Sensibilidad cultural -- Categoría: -- Garantice que el lenguaje del REA sea accesible para todos los estudiantes, teniendo en cuenta su lengua familiar, su dominio del idioma de enseñanza o el multilingüismo. | I64: =IFERROR(VLOOKUP(Tabla1[[#This Row],[dimension]],Datos!$B$2:$C$6,2,0),"dim") -> SD | J64: =IFERROR(VLOOKUP(Tabla1[[#This Row],[subdimension]],Datos!$E$2:$F$20,2,0),"subdim") -> SC | K64: =IFERROR(VLOOKUP(Tabla1[[#This Row],[categoria]],Datos!$H$2:$I$21,2,0),"cat") -> cat
B65: =+Tabla1[[#This Row],[dimension_id]]&"_"&Tabla1[[#This Row],[subdimension_id]]&"_"&Tabla1[[#This Row],[categoria_id]] -> SD_NS_cat | C65: Sensibilidad hacia la diversidad | D65: Nivel socioeconómico | F65: Destaque historias de personas que alcanzan el éxito o la felicidad por diversos medios, no solo por su estatus socioeconómico. Promueva conversaciones sobre la conciencia del privilegio. | H65: =+"Dimensión: " & Tabla1[[#This Row],[dimension]] & " -- " & "Subdimensión: " & Tabla1[[#This Row],[subdimension]] & " -- " & "Categoría: " & Tabla1[[#This Row],[categoria]] & " -- " & Tabla1[[#This Row],[recomendacion]] -> Dimensión: Sensibilidad hacia la diversidad -- Subdimensión: Nivel socioeconómico -- Categoría: -- Destaque historias de personas que alcanzan el éxito o la felicidad por diversos medios, no solo por su estatus socioeconómico. Promueva conversaciones sobre la conciencia del privilegio. | I65: =IFERROR(VLOOKUP(Tabla1[[#This Row],[dimension]],Datos!$B$2:$C$6,2,0),"dim") -> SD | J65: =IFERROR(VLOOKUP(Tabla1[[#This Row],[subdimension]],Datos!$E$2:$F$20,2,0),"subdim") -> NS | K65: =IFERROR(VLOOKUP(Tabla1[[#This Row],[categoria]],Datos!$H$2:$I$21,2,0),"cat") -> cat
B66: =+Tabla1[[#This Row],[dimension_id]]&"_"&Tabla1[[#This Row],[subdimension_id]]&"_"&Tabla1[[#This Row],[categoria_id]] -> SD_NS_cat | C66: Sensibilidad hacia la diversidad | D66: Nivel socioeconómico | F66: Utilice imágenes o ilustraciones que no impliquen únicamente riqueza o privilegio (por ejemplo, casas de lujo o marcas caras). En su lugar, elija imágenes que reflejen entornos diversos y cotidianos (por ejemplo, parques públicos, espacios compartidos o entornos comunitarios). | H66: =+"Dimensión: " & Tabla1[[#This Row],[dimension]] & " -- " & "Subdimensión: " & Tabla1[[#This Row],[subdimension]] & " -- " & "Categoría: " & Tabla1[[#This Row],[categoria]] & " -- " & Tabla1[[#This Row],[recomendacion]] -> Dimensión: Sensibilidad hacia la diversidad -- Subdimensión: Nivel socioeconómico -- Categoría: -- Utilice imágenes o ilustraciones que no impliquen únicamente riqueza o privilegio (por ejemplo, casas de lujo o marcas caras). En su lugar, elija imágenes que reflejen entornos diversos y cotidianos (por ejemplo, parques públicos, espacios compartidos o entornos comunitarios). | I66: =IFERROR(VLOOKUP(Tabla1[[#This Row],[dimension]],Datos!$B$2:$C$6,2,0),"dim") -> SD | J66: =IFERROR(VLOOKUP(Tabla1[[#This Row],[subdimension]],Datos!$E$2:$F$20,2,0),"subdim") -> NS | K66: =IFERROR(VLOOKUP(Tabla1[[#This Row],[categoria]],Datos!$H$2:$I$21,2,0),"cat") -> cat
B67: =+Tabla1[[#This Row],[dimension_id]]&"_"&Tabla1[[#This Row],[subdimension_id]]&"_"&Tabla1[[#This Row],[categoria_id]] -> SD_NS_cat | C67: Sensibilidad hacia la diversidad | D67: Nivel socioeconómico | F67: Al referirse a productos en los materiales, evite mencionar marcas de lujo o artículos costosos. | G67: Ejemplo a evitar: “Juan compró unas zapatillas de la marca X por 120 €”. Alternativa: “Juan compró unas zapatillas por 120 €”. | H67: =+"Dimensión: " & Tabla1[[#This Row],[dimension]] & " -- " & "Subdimensión: " & Tabla1[[#This Row],[subdimension]] & " -- " & "Categoría: " & Tabla1[[#This Row],[categoria]] & " -- " & Tabla1[[#This Row],[recomendacion]] -> Dimensión: Sensibilidad hacia la diversidad -- Subdimensión: Nivel socioeconómico -- Categoría: -- Al referirse a productos en los materiales, evite mencionar marcas de lujo o artículos costosos. | I67: =IFERROR(VLOOKUP(Tabla1[[#This Row],[dimension]],Datos!$B$2:$C$6,2,0),"dim") -> SD | J67: =IFERROR(VLOOKUP(Tabla1[[#This Row],[subdimension]],Datos!$E$2:$F$20,2,0),"subdim") -> NS | K67: =IFERROR(VLOOKUP(Tabla1[[#This Row],[categoria]],Datos!$H$2:$I$21,2,0),"cat") -> cat
B68: =+Tabla1[[#This Row],[dimension_id]]&"_"&Tabla1[[#This Row],[subdimension_id]]&"_"&Tabla1[[#This Row],[categoria_id]] -> AC_AT_TEX | C68: Accesibilidad | D68: Accesibilidad tecnológica | E68: Texto | F68: Para los estudiantes que lo necesiten, proporcione diferentes versiones del documento, ajustando los espacios entre letras, palabras y líneas. | G68: Puede aumentar el espacio entre letras, por ejemplo, en Word, haciendo clic en "Fuente", "Avanzado" y luego en "Espaciado". Aquí encontrará más información . También puede usar el lector inmersivo. | H68: =+"Dimensión: " & Tabla1[[#This Row],[dimension]] & " -- " & "Subdimensión: " & Tabla1[[#This Row],[subdimension]] & " -- " & "Categoría: " & Tabla1[[#This Row],[categoria]] & " -- " & Tabla1[[#This Row],[recomendacion]] -> Dimensión: Accesibilidad -- Subdimensión: Accesibilidad tecnológica -- Categoría: Texto -- Para los estudiantes que lo necesiten, proporcione diferentes versiones del documento, ajustando los espacios entre letras, palabras y líneas. | I68: =IFERROR(VLOOKUP(Tabla1[[#This Row],[dimension]],Datos!$B$2:$C$6,2,0),"dim") -> AC | J68: =IFERROR(VLOOKUP(Tabla1[[#This Row],[subdimension]],Datos!$E$2:$F$20,2,0),"subdim") -> AT | K68: =IFERROR(VLOOKUP(Tabla1[[#This Row],[categoria]],Datos!$H$2:$I$21,2,0),"cat") -> TEX
B69: =+Tabla1[[#This Row],[dimension_id]]&"_"&Tabla1[[#This Row],[subdimension_id]]&"_"&Tabla1[[#This Row],[categoria_id]] -> AC_AT_TEX | C69: Accesibilidad | D69: Accesibilidad tecnológica | E69: Texto | F69: Proporcione una forma de identificar definiciones específicas de palabras, frases o abreviaturas que son nuevas para los estudiantes o que se utilizan de manera inusual (por ejemplo, modismos y jerga). | G69: Si es necesario, agregue una sección con un diccionario de términos o incluya la definición de una palabra cerca de ella (en la misma línea, debajo de ella, entre paréntesis o como una ventana emergente) la primera vez que aparezca. | H69: =+"Dimensión: " & Tabla1[[#This Row],[dimension]] & " -- " & "Subdimensión: " & Tabla1[[#This Row],[subdimension]] & " -- " & "Categoría: " & Tabla1[[#This Row],[categoria]] & " -- " & Tabla1[[#This Row],[recomendacion]] -> Dimensión: Accesibilidad -- Subdimensión: Accesibilidad tecnológica -- Categoría: Texto -- Proporcione una forma de identificar definiciones específicas de palabras, frases o abreviaturas que son nuevas para los estudiantes o que se utilizan de manera inusual (por ejemplo, modismos y jerga). | I69: =IFERROR(VLOOKUP(Tabla1[[#This Row],[dimension]],Datos!$B$2:$C$6,2,0),"dim") -> AC | J69: =IFERROR(VLOOKUP(Tabla1[[#This Row],[subdimension]],Datos!$E$2:$F$20,2,0),"subdim") -> AT | K69: =IFERROR(VLOOKUP(Tabla1[[#This Row],[categoria]],Datos!$H$2:$I$21,2,0),"cat") -> TEX
B70: =+Tabla1[[#This Row],[dimension_id]]&"_"&Tabla1[[#This Row],[subdimension_id]]&"_"&Tabla1[[#This Row],[categoria_id]] -> AC_AT_TEX | C70: Accesibilidad | D70: Accesibilidad tecnológica | E70: Texto | F70: Tenga en cuenta que la estructura, como el orden de lectura y los elementos interactivos, puedan reconocerse y mostrarse claramente mediante tecnologías de asistencia. | G70: Las etiquetas de cada casilla de verificación deben ser identificables mediante tecnología de asistencia, por ejemplo, un lector de pantalla. | H70: =+"Dimensión: " & Tabla1[[#This Row],[dimension]] & " -- " & "Subdimensión: " & Tabla1[[#This Row],[subdimension]] & " -- " & "Categoría: " & Tabla1[[#This Row],[categoria]] & " -- " & Tabla1[[#This Row],[recomendacion]] -> Dimensión: Accesibilidad -- Subdimensión: Accesibilidad tecnológica -- Categoría: Texto -- Tenga en cuenta que la estructura, como el orden de lectura y los elementos interactivos, puedan reconocerse y mostrarse claramente mediante tecnologías de asistencia. | I70: =IFERROR(VLOOKUP(Tabla1[[#This Row],[dimension]],Datos!$B$2:$C$6,2,0),"dim") -> AC | J70: =IFERROR(VLOOKUP(Tabla1[[#This Row],[subdimension]],Datos!$E$2:$F$20,2,0),"subdim") -> AT | K70: =IFERROR(VLOOKUP(Tabla1[[#This Row],[categoria]],Datos!$H$2:$I$21,2,0),"cat") -> TEX
B71: =+Tabla1[[#This Row],[dimension_id]]&"_"&Tabla1[[#This Row],[subdimension_id]]&"_"&Tabla1[[#This Row],[categoria_id]] -> AC_AT_TEX | C71: Accesibilidad | D71: Accesibilidad tecnológica | E71: Texto | F71: Asegúrese de que la información se transmita de múltiples maneras, como mediante etiquetas de texto, patrones, señales auditivas, colores, forma, tamaño, ubicación visual u orientación. | G71: En lugar de utilizar únicamente el color rojo para indicar que ciertos campos de un formulario son obligatorios, utilice también un asterisco para marcarlos. | H71: =+"Dimensión: " & Tabla1[[#This Row],[dimension]] & " -- " & "Subdimensión: " & Tabla1[[#This Row],[subdimension]] & " -- " & "Categoría: " & Tabla1[[#This Row],[categoria]] & " -- " & Tabla1[[#This Row],[recomendacion]] -> Dimensión: Accesibilidad -- Subdimensión: Accesibilidad tecnológica -- Categoría: Texto -- Asegúrese de que la información se transmita de múltiples maneras, como mediante etiquetas de texto, patrones, señales auditivas, colores, forma, tamaño, ubicación visual u orientación. | I71: =IFERROR(VLOOKUP(Tabla1[[#This Row],[dimension]],Datos!$B$2:$C$6,2,0),"dim") -> AC | J71: =IFERROR(VLOOKUP(Tabla1[[#This Row],[subdimension]],Datos!$E$2:$F$20,2,0),"subdim") -> AT | K71: =IFERROR(VLOOKUP(Tabla1[[#This Row],[categoria]],Datos!$H$2:$I$21,2,0),"cat") -> TEX
B72: =+Tabla1[[#This Row],[dimension_id]]&"_"&Tabla1[[#This Row],[subdimension_id]]&"_"&Tabla1[[#This Row],[categoria_id]] -> AC_AT_TEX | C72: Accesibilidad | D72: Accesibilidad tecnológica | E72: Texto | F72: Asegúrese de que el contenido sea fácilmente legible tanto en orientación horizontal como vertical, a menos que una orientación específica sea esencial. | H72: =+"Dimensión: " & Tabla1[[#This Row],[dimension]] & " -- " & "Subdimensión: " & Tabla1[[#This Row],[subdimension]] & " -- " & "Categoría: " & Tabla1[[#This Row],[categoria]] & " -- " & Tabla1[[#This Row],[recomendacion]] -> Dimensión: Accesibilidad -- Subdimensión: Accesibilidad tecnológica -- Categoría: Texto -- Asegúrese de que el contenido sea fácilmente legible tanto en orientación horizontal como vertical, a menos que una orientación específica sea esencial. | I72: =IFERROR(VLOOKUP(Tabla1[[#This Row],[dimension]],Datos!$B$2:$C$6,2,0),"dim") -> AC | J72: =IFERROR(VLOOKUP(Tabla1[[#This Row],[subdimension]],Datos!$E$2:$F$20,2,0),"subdim") -> AT | K72: =IFERROR(VLOOKUP(Tabla1[[#This Row],[categoria]],Datos!$H$2:$I$21,2,0),"cat") -> TEX
B73: =+Tabla1[[#This Row],[dimension_id]]&"_"&Tabla1[[#This Row],[subdimension_id]]&"_"&Tabla1[[#This Row],[categoria_id]] -> AC_AT_TEX | C73: Accesibilidad | D73: Accesibilidad tecnológica | E73: Texto | F73: Mantenga la coherencia entre los iconos y el texto con el mismo propósito en todo el REA. | H73: =+"Dimensión: " & Tabla1[[#This Row],[dimension]] & " -- " & "Subdimensión: " & Tabla1[[#This Row],[subdimension]] & " -- " & "Categoría: " & Tabla1[[#This Row],[categoria]] & " -- " & Tabla1[[#This Row],[recomendacion]] -> Dimensión: Accesibilidad -- Subdimensión: Accesibilidad tecnológica -- Categoría: Texto -- Mantenga la coherencia entre los iconos y el texto con el mismo propósito en todo el REA. | I73: =IFERROR(VLOOKUP(Tabla1[[#This Row],[dimension]],Datos!$B$2:$C$6,2,0),"dim") -> AC | J73: =IFERROR(VLOOKUP(Tabla1[[#This Row],[subdimension]],Datos!$E$2:$F$20,2,0),"subdim") -> AT | K73: =IFERROR(VLOOKUP(Tabla1[[#This Row],[categoria]],Datos!$H$2:$I$21,2,0),"cat") -> TEX
B74: =+Tabla1[[#This Row],[dimension_id]]&"_"&Tabla1[[#This Row],[subdimension_id]]&"_"&Tabla1[[#This Row],[categoria_id]] -> AC_AT_TEX | C74: Accesibilidad | D74: Accesibilidad tecnológica | E74: Texto | F74: Al crear una lista, utilice la función correspondiente. | G74: Utilice la función de lista en lugar de agregar símbolos o caracteres, ya que los lectores de pantalla, por ejemplo, podrían no reconocerla como una lista. | H74: =+"Dimensión: " & Tabla1[[#This Row],[dimension]] & " -- " & "Subdimensión: " & Tabla1[[#This Row],[subdimension]] & " -- " & "Categoría: " & Tabla1[[#This Row],[categoria]] & " -- " & Tabla1[[#This Row],[recomendacion]] -> Dimensión: Accesibilidad -- Subdimensión: Accesibilidad tecnológica -- Categoría: Texto -- Al crear una lista, utilice la función correspondiente. | I74: =IFERROR(VLOOKUP(Tabla1[[#This Row],[dimension]],Datos!$B$2:$C$6,2,0),"dim") -> AC | J74: =IFERROR(VLOOKUP(Tabla1[[#This Row],[subdimension]],Datos!$E$2:$F$20,2,0),"subdim") -> AT | K74: =IFERROR(VLOOKUP(Tabla1[[#This Row],[categoria]],Datos!$H$2:$I$21,2,0),"cat") -> TEX
B75: =+Tabla1[[#This Row],[dimension_id]]&"_"&Tabla1[[#This Row],[subdimension_id]]&"_"&Tabla1[[#This Row],[categoria_id]] -> AC_AT_TEX | C75: Accesibilidad | D75: Accesibilidad tecnológica | E75: Texto | F75: Asegúrese de que el texto se pueda redimensionar sin tecnología de asistencia hasta en un 200 por ciento, sin pérdida de contenido ni funcionalidad. | G75: Por ejemplo, el texto se puede ampliar utilizando Control+ en el navegador o cambiando su tamaño en la configuración del dispositivo utilizado para ejecutar la aplicación. | H75: =+"Dimensión: " & Tabla1[[#This Row],[dimension]] & " -- " & "Subdimensión: " & Tabla1[[#This Row],[subdimension]] & " -- " & "Categoría: " & Tabla1[[#This Row],[categoria]] & " -- " & Tabla1[[#This Row],[recomendacion]] -> Dimensión: Accesibilidad -- Subdimensión: Accesibilidad tecnológica -- Categoría: Texto -- Asegúrese de que el texto se pueda redimensionar sin tecnología de asistencia hasta en un 200 por ciento, sin pérdida de contenido ni funcionalidad. | I75: =IFERROR(VLOOKUP(Tabla1[[#This Row],[dimension]],Datos!$B$2:$C$6,2,0),"dim") -> AC | J75: =IFERROR(VLOOKUP(Tabla1[[#This Row],[subdimension]],Datos!$E$2:$F$20,2,0),"subdim") -> AT | K75: =IFERROR(VLOOKUP(Tabla1[[#This Row],[categoria]],Datos!$H$2:$I$21,2,0),"cat") -> TEX
B76: =+Tabla1[[#This Row],[dimension_id]]&"_"&Tabla1[[#This Row],[subdimension_id]]&"_"&Tabla1[[#This Row],[categoria_id]] -> AC_AT_TEX | C76: Accesibilidad | D76: Accesibilidad tecnológica | E76: Texto | F76: Para garantizar que la tecnología de asistencia pueda identificar el idioma del contenido, indique el idioma al principio y cuando cambie, para que el lector de pantalla pueda leerlo correctamente. | H76: =+"Dimensión: " & Tabla1[[#This Row],[dimension]] & " -- " & "Subdimensión: " & Tabla1[[#This Row],[subdimension]] & " -- " & "Categoría: " & Tabla1[[#This Row],[categoria]] & " -- " & Tabla1[[#This Row],[recomendacion]] -> Dimensión: Accesibilidad -- Subdimensión: Accesibilidad tecnológica -- Categoría: Texto -- Para garantizar que la tecnología de asistencia pueda identificar el idioma del contenido, indique el idioma al principio y cuando cambie, para que el lector de pantalla pueda leerlo correctamente. | I76: =IFERROR(VLOOKUP(Tabla1[[#This Row],[dimension]],Datos!$B$2:$C$6,2,0),"dim") -> AC | J76: =IFERROR(VLOOKUP(Tabla1[[#This Row],[subdimension]],Datos!$E$2:$F$20,2,0),"subdim") -> AT | K76: =IFERROR(VLOOKUP(Tabla1[[#This Row],[categoria]],Datos!$H$2:$I$21,2,0),"cat") -> TEX
B77: =+Tabla1[[#This Row],[dimension_id]]&"_"&Tabla1[[#This Row],[subdimension_id]]&"_"&Tabla1[[#This Row],[categoria_id]] -> AC_AT_IMA | C77: Accesibilidad | D77: Accesibilidad tecnológica | E77: Imágenes, tablas y gráficos | F77: Use imágenes claras, fáciles de entender y con una calidad, tamaño, resolución y brillo adecuados. Evite las imágenes borrosas. | G77: Si el texto explica el ciclo del agua, incluya un diagrama claro que muestre la evaporación, condensación, precipitación y recogida, con flechas y etiquetas simples que faciliten la comprensión. | H77: =+"Dimensión: " & Tabla1[[#This Row],[dimension]] & " -- " & "Subdimensión: " & Tabla1[[#This Row],[subdimension]] & " -- " & "Categoría: " & Tabla1[[#This Row],[categoria]] & " -- " & Tabla1[[#This Row],[recomendacion]] -> Dimensión: Accesibilidad -- Subdimensión: Accesibilidad tecnológica -- Categoría: Imágenes, tablas y gráficos -- Use imágenes claras, fáciles de entender y con una calidad, tamaño, resolución y brillo adecuados. Evite las imágenes borrosas. | I77: =IFERROR(VLOOKUP(Tabla1[[#This Row],[dimension]],Datos!$B$2:$C$6,2,0),"dim") -> AC | J77: =IFERROR(VLOOKUP(Tabla1[[#This Row],[subdimension]],Datos!$E$2:$F$20,2,0),"subdim") -> AT | K77: =IFERROR(VLOOKUP(Tabla1[[#This Row],[categoria]],Datos!$H$2:$I$21,2,0),"cat") -> IMA
B78: =+Tabla1[[#This Row],[dimension_id]]&"_"&Tabla1[[#This Row],[subdimension_id]]&"_"&Tabla1[[#This Row],[categoria_id]] -> AC_AT_IMA | C78: Accesibilidad | D78: Accesibilidad tecnológica | E78: Imágenes, tablas y gráficos | F78: Describa todas las imágenes mediante un texto alternativo para que pueda ser leído por un lector de pantalla. | G78: El texto alternativo puede añadirse, por ejemplo, haciendo clic derecho sobre el objeto y seleccionando “Editar texto alternativo”. Ejemplo: “Diagrama del ciclo del agua”. | H78: =+"Dimensión: " & Tabla1[[#This Row],[dimension]] & " -- " & "Subdimensión: " & Tabla1[[#This Row],[subdimension]] & " -- " & "Categoría: " & Tabla1[[#This Row],[categoria]] & " -- " & Tabla1[[#This Row],[recomendacion]] -> Dimensión: Accesibilidad -- Subdimensión: Accesibilidad tecnológica -- Categoría: Imágenes, tablas y gráficos -- Describa todas las imágenes mediante un texto alternativo para que pueda ser leído por un lector de pantalla. | I78: =IFERROR(VLOOKUP(Tabla1[[#This Row],[dimension]],Datos!$B$2:$C$6,2,0),"dim") -> AC | J78: =IFERROR(VLOOKUP(Tabla1[[#This Row],[subdimension]],Datos!$E$2:$F$20,2,0),"subdim") -> AT | K78: =IFERROR(VLOOKUP(Tabla1[[#This Row],[categoria]],Datos!$H$2:$I$21,2,0),"cat") -> IMA
B79: =+Tabla1[[#This Row],[dimension_id]]&"_"&Tabla1[[#This Row],[subdimension_id]]&"_"&Tabla1[[#This Row],[categoria_id]] -> AC_AT_IMA | C79: Accesibilidad | D79: Accesibilidad tecnológica | E79: Imágenes, tablas y gráficos | F79: Asegúrese de que haya suficiente contraste entre el fondo y el primer plano en las imágenes utilizadas. | G79: Si hay un fondo de cielo y montañas detrás de una vaca sobre el pasto, deben distinguirse claramente. | H79: =+"Dimensión: " & Tabla1[[#This Row],[dimension]] & " -- " & "Subdimensión: " & Tabla1[[#This Row],[subdimension]] & " -- " & "Categoría: " & Tabla1[[#This Row],[categoria]] & " -- " & Tabla1[[#This Row],[recomendacion]] -> Dimensión: Accesibilidad -- Subdimensión: Accesibilidad tecnológica -- Categoría: Imágenes, tablas y gráficos -- Asegúrese de que haya suficiente contraste entre el fondo y el primer plano en las imágenes utilizadas. | I79: =IFERROR(VLOOKUP(Tabla1[[#This Row],[dimension]],Datos!$B$2:$C$6,2,0),"dim") -> AC | J79: =IFERROR(VLOOKUP(Tabla1[[#This Row],[subdimension]],Datos!$E$2:$F$20,2,0),"subdim") -> AT | K79: =IFERROR(VLOOKUP(Tabla1[[#This Row],[categoria]],Datos!$H$2:$I$21,2,0),"cat") -> IMA
B80: =+Tabla1[[#This Row],[dimension_id]]&"_"&Tabla1[[#This Row],[subdimension_id]]&"_"&Tabla1[[#This Row],[categoria_id]] -> AC_AT_IMA | C80: Accesibilidad | D80: Accesibilidad tecnológica | E80: Imágenes, tablas y gráficos | F80: No incluya texto dentro de las imágenes. | G80: En lugar de insertar el texto dentro de la imagen, escríbalo como título o en un párrafo aparte. | H80: =+"Dimensión: " & Tabla1[[#This Row],[dimension]] & " -- " & "Subdimensión: " & Tabla1[[#This Row],[subdimension]] & " -- " & "Categoría: " & Tabla1[[#This Row],[categoria]] & " -- " & Tabla1[[#This Row],[recomendacion]] -> Dimensión: Accesibilidad -- Subdimensión: Accesibilidad tecnológica -- Categoría: Imágenes, tablas y gráficos -- No incluya texto dentro de las imágenes. | I80: =IFERROR(VLOOKUP(Tabla1[[#This Row],[dimension]],Datos!$B$2:$C$6,2,0),"dim") -> AC | J80: =IFERROR(VLOOKUP(Tabla1[[#This Row],[subdimension]],Datos!$E$2:$F$20,2,0),"subdim") -> AT | K80: =IFERROR(VLOOKUP(Tabla1[[#This Row],[categoria]],Datos!$H$2:$I$21,2,0),"cat") -> IMA
B81: =+Tabla1[[#This Row],[dimension_id]]&"_"&Tabla1[[#This Row],[subdimension_id]]&"_"&Tabla1[[#This Row],[categoria_id]] -> AC_AT_IMA | C81: Accesibilidad | D81: Accesibilidad tecnológica | E81: Imágenes, tablas y gráficos | F81: Al utilizar tablas, asegúrese de que estén bien estructuradas y claramente descritas. | G81: Incluya una fila de encabezado y mantenlas simples, evitando celdas vacías, combinadas o anidadas. | H81: =+"Dimensión: " & Tabla1[[#This Row],[dimension]] & " -- " & "Subdimensión: " & Tabla1[[#This Row],[subdimension]] & " -- " & "Categoría: " & Tabla1[[#This Row],[categoria]] & " -- " & Tabla1[[#This Row],[recomendacion]] -> Dimensión: Accesibilidad -- Subdimensión: Accesibilidad tecnológica -- Categoría: Imágenes, tablas y gráficos -- Al utilizar tablas, asegúrese de que estén bien estructuradas y claramente descritas. | I81: =IFERROR(VLOOKUP(Tabla1[[#This Row],[dimension]],Datos!$B$2:$C$6,2,0),"dim") -> AC | J81: =IFERROR(VLOOKUP(Tabla1[[#This Row],[subdimension]],Datos!$E$2:$F$20,2,0),"subdim") -> AT | K81: =IFERROR(VLOOKUP(Tabla1[[#This Row],[categoria]],Datos!$H$2:$I$21,2,0),"cat") -> IMA
B82: =+Tabla1[[#This Row],[dimension_id]]&"_"&Tabla1[[#This Row],[subdimension_id]]&"_"&Tabla1[[#This Row],[categoria_id]] -> AC_AT_IMA | C82: Accesibilidad | D82: Accesibilidad tecnológica | E82: Imágenes, tablas y gráficos | F82: Cuando sea posible, use patrones u otros medios alternativos además del color para diferenciar contenidos o funcionalidades. | G82: En los gráficos, en lugar de usar solo los colores verde y rojo, utilice puntos y rayas para distinguirlos, facilitando la comprensión también para personas con daltonismo. | H82: =+"Dimensión: " & Tabla1[[#This Row],[dimension]] & " -- " & "Subdimensión: " & Tabla1[[#This Row],[subdimension]] & " -- " & "Categoría: " & Tabla1[[#This Row],[categoria]] & " -- " & Tabla1[[#This Row],[recomendacion]] -> Dimensión: Accesibilidad -- Subdimensión: Accesibilidad tecnológica -- Categoría: Imágenes, tablas y gráficos -- Cuando sea posible, use patrones u otros medios alternativos además del color para diferenciar contenidos o funcionalidades. | I82: =IFERROR(VLOOKUP(Tabla1[[#This Row],[dimension]],Datos!$B$2:$C$6,2,0),"dim") -> AC | J82: =IFERROR(VLOOKUP(Tabla1[[#This Row],[subdimension]],Datos!$E$2:$F$20,2,0),"subdim") -> AT | K82: =IFERROR(VLOOKUP(Tabla1[[#This Row],[categoria]],Datos!$H$2:$I$21,2,0),"cat") -> IMA
B83: =+Tabla1[[#This Row],[dimension_id]]&"_"&Tabla1[[#This Row],[subdimension_id]]&"_"&Tabla1[[#This Row],[categoria_id]] -> AC_AT_IMA | C83: Accesibilidad | D83: Accesibilidad tecnológica | E83: Imágenes, tablas y gráficos | F83: Evite insertar tablas como imágenes o capturas de pantalla: créelas directamente en el documento. | H83: =+"Dimensión: " & Tabla1[[#This Row],[dimension]] & " -- " & "Subdimensión: " & Tabla1[[#This Row],[subdimension]] & " -- " & "Categoría: " & Tabla1[[#This Row],[categoria]] & " -- " & Tabla1[[#This Row],[recomendacion]] -> Dimensión: Accesibilidad -- Subdimensión: Accesibilidad tecnológica -- Categoría: Imágenes, tablas y gráficos -- Evite insertar tablas como imágenes o capturas de pantalla: créelas directamente en el documento. | I83: =IFERROR(VLOOKUP(Tabla1[[#This Row],[dimension]],Datos!$B$2:$C$6,2,0),"dim") -> AC | J83: =IFERROR(VLOOKUP(Tabla1[[#This Row],[subdimension]],Datos!$E$2:$F$20,2,0),"subdim") -> AT | K83: =IFERROR(VLOOKUP(Tabla1[[#This Row],[categoria]],Datos!$H$2:$I$21,2,0),"cat") -> IMA
B84: =+Tabla1[[#This Row],[dimension_id]]&"_"&Tabla1[[#This Row],[subdimension_id]]&"_"&Tabla1[[#This Row],[categoria_id]] -> AC_AT_AUD | C84: Accesibilidad | D84: Accesibilidad tecnológica | E84: Audio | F84: Asegúrese de que el audio tenga buena calidad en cuanto a tono, duración, intensidad y claridad. Si es necesario, reduzca el ruido de fondo. | G84: Puede editar el audio, por ejemplo, con el software Audacity. | H84: =+"Dimensión: " & Tabla1[[#This Row],[dimension]] & " -- " & "Subdimensión: " & Tabla1[[#This Row],[subdimension]] & " -- " & "Categoría: " & Tabla1[[#This Row],[categoria]] & " -- " & Tabla1[[#This Row],[recomendacion]] -> Dimensión: Accesibilidad -- Subdimensión: Accesibilidad tecnológica -- Categoría: Audio -- Asegúrese de que el audio tenga buena calidad en cuanto a tono, duración, intensidad y claridad. Si es necesario, reduzca el ruido de fondo. | I84: =IFERROR(VLOOKUP(Tabla1[[#This Row],[dimension]],Datos!$B$2:$C$6,2,0),"dim") -> AC | J84: =IFERROR(VLOOKUP(Tabla1[[#This Row],[subdimension]],Datos!$E$2:$F$20,2,0),"subdim") -> AT | K84: =IFERROR(VLOOKUP(Tabla1[[#This Row],[categoria]],Datos!$H$2:$I$21,2,0),"cat") -> AUD
B85: =+Tabla1[[#This Row],[dimension_id]]&"_"&Tabla1[[#This Row],[subdimension_id]]&"_"&Tabla1[[#This Row],[categoria_id]] -> AC_AT_AUD | C85: Accesibilidad | D85: Accesibilidad tecnológica | E85: Audio | F85: Evite el audio de fondo o redúcelo. | G85: No hay música de fondo mientras alguien habla. | H85: =+"Dimensión: " & Tabla1[[#This Row],[dimension]] & " -- " & "Subdimensión: " & Tabla1[[#This Row],[subdimension]] & " -- " & "Categoría: " & Tabla1[[#This Row],[categoria]] & " -- " & Tabla1[[#This Row],[recomendacion]] -> Dimensión: Accesibilidad -- Subdimensión: Accesibilidad tecnológica -- Categoría: Audio -- Evite el audio de fondo o redúcelo. | I85: =IFERROR(VLOOKUP(Tabla1[[#This Row],[dimension]],Datos!$B$2:$C$6,2,0),"dim") -> AC | J85: =IFERROR(VLOOKUP(Tabla1[[#This Row],[subdimension]],Datos!$E$2:$F$20,2,0),"subdim") -> AT | K85: =IFERROR(VLOOKUP(Tabla1[[#This Row],[categoria]],Datos!$H$2:$I$21,2,0),"cat") -> AUD
B86: =+Tabla1[[#This Row],[dimension_id]]&"_"&Tabla1[[#This Row],[subdimension_id]]&"_"&Tabla1[[#This Row],[categoria_id]] -> AC_AT_AUD | C86: Accesibilidad | D86: Accesibilidad tecnológica | E86: Audio | F86: Verifique que la voz en el audio sea lenta, clara y con un volumen adecuado. | H86: =+"Dimensión: " & Tabla1[[#This Row],[dimension]] & " -- " & "Subdimensión: " & Tabla1[[#This Row],[subdimension]] & " -- " & "Categoría: " & Tabla1[[#This Row],[categoria]] & " -- " & Tabla1[[#This Row],[recomendacion]] -> Dimensión: Accesibilidad -- Subdimensión: Accesibilidad tecnológica -- Categoría: Audio -- Verifique que la voz en el audio sea lenta, clara y con un volumen adecuado. | I86: =IFERROR(VLOOKUP(Tabla1[[#This Row],[dimension]],Datos!$B$2:$C$6,2,0),"dim") -> AC | J86: =IFERROR(VLOOKUP(Tabla1[[#This Row],[subdimension]],Datos!$E$2:$F$20,2,0),"subdim") -> AT | K86: =IFERROR(VLOOKUP(Tabla1[[#This Row],[categoria]],Datos!$H$2:$I$21,2,0),"cat") -> AUD
B87: =+Tabla1[[#This Row],[dimension_id]]&"_"&Tabla1[[#This Row],[subdimension_id]]&"_"&Tabla1[[#This Row],[categoria_id]] -> AC_AT_AUD | C87: Accesibilidad | D87: Accesibilidad tecnológica | E87: Audio | F87: Si graba una pista de audio, asegúrese de que la voz tenga buena pronunciación y dicción, y deje pausas suficientes para que el público comprenda la información antes de continuar. | H87: =+"Dimensión: " & Tabla1[[#This Row],[dimension]] & " -- " & "Subdimensión: " & Tabla1[[#This Row],[subdimension]] & " -- " & "Categoría: " & Tabla1[[#This Row],[categoria]] & " -- " & Tabla1[[#This Row],[recomendacion]] -> Dimensión: Accesibilidad -- Subdimensión: Accesibilidad tecnológica -- Categoría: Audio -- Si graba una pista de audio, asegúrese de que la voz tenga buena pronunciación y dicción, y deje pausas suficientes para que el público comprenda la información antes de continuar. | I87: =IFERROR(VLOOKUP(Tabla1[[#This Row],[dimension]],Datos!$B$2:$C$6,2,0),"dim") -> AC | J87: =IFERROR(VLOOKUP(Tabla1[[#This Row],[subdimension]],Datos!$E$2:$F$20,2,0),"subdim") -> AT | K87: =IFERROR(VLOOKUP(Tabla1[[#This Row],[categoria]],Datos!$H$2:$I$21,2,0),"cat") -> AUD
B88: =+Tabla1[[#This Row],[dimension_id]]&"_"&Tabla1[[#This Row],[subdimension_id]]&"_"&Tabla1[[#This Row],[categoria_id]] -> AC_AT_AUD | C88: Accesibilidad | D88: Accesibilidad tecnológica | E88: Audio | F88: Proporcione controles visibles y accesibles para pausar o detener el audio. Si es posible, incluya controles separados de volumen o silencio para efectos, voz y música de fondo. | G88: Asegúrese de que haya botones para detener, pausar y ajustar el volumen. | H88: =+"Dimensión: " & Tabla1[[#This Row],[dimension]] & " -- " & "Subdimensión: " & Tabla1[[#This Row],[subdimension]] & " -- " & "Categoría: " & Tabla1[[#This Row],[categoria]] & " -- " & Tabla1[[#This Row],[recomendacion]] -> Dimensión: Accesibilidad -- Subdimensión: Accesibilidad tecnológica -- Categoría: Audio -- Proporcione controles visibles y accesibles para pausar o detener el audio. Si es posible, incluya controles separados de volumen o silencio para efectos, voz y música de fondo. | I88: =IFERROR(VLOOKUP(Tabla1[[#This Row],[dimension]],Datos!$B$2:$C$6,2,0),"dim") -> AC | J88: =IFERROR(VLOOKUP(Tabla1[[#This Row],[subdimension]],Datos!$E$2:$F$20,2,0),"subdim") -> AT | K88: =IFERROR(VLOOKUP(Tabla1[[#This Row],[categoria]],Datos!$H$2:$I$21,2,0),"cat") -> AUD
B89: =+Tabla1[[#This Row],[dimension_id]]&"_"&Tabla1[[#This Row],[subdimension_id]]&"_"&Tabla1[[#This Row],[categoria_id]] -> AC_AT_AUD | C89: Accesibilidad | D89: Accesibilidad tecnológica | E89: Audio | F89: Si tiene estudiantes con discapacidad auditiva, incluya una transcripción textual del audio (véase el apartado 5.3: subtitulado y audiodescripción). Asegúrese también de que los estudiantes puedan controlar las alternativas textuales. | G89: La transcripción puede ser útil para quienes no pueden escuchar el audio, además de poder traducirse a otros idiomas o imprimirse en braille. Asegúrese de incluir botones para mostrar/ocultar las alternativas textuales. | H89: =+"Dimensión: " & Tabla1[[#This Row],[dimension]] & " -- " & "Subdimensión: " & Tabla1[[#This Row],[subdimension]] & " -- " & "Categoría: " & Tabla1[[#This Row],[categoria]] & " -- " & Tabla1[[#This Row],[recomendacion]] -> Dimensión: Accesibilidad -- Subdimensión: Accesibilidad tecnológica -- Categoría: Audio -- Si tiene estudiantes con discapacidad auditiva, incluya una transcripción textual del audio (véase el apartado 5.3: subtitulado y audiodescripción). Asegúrese también de que los estudiantes puedan controlar las alternativas textuales. | I89: =IFERROR(VLOOKUP(Tabla1[[#This Row],[dimension]],Datos!$B$2:$C$6,2,0),"dim") -> AC | J89: =IFERROR(VLOOKUP(Tabla1[[#This Row],[subdimension]],Datos!$E$2:$F$20,2,0),"subdim") -> AT | K89: =IFERROR(VLOOKUP(Tabla1[[#This Row],[categoria]],Datos!$H$2:$I$21,2,0),"cat") -> AUD
B90: =+Tabla1[[#This Row],[dimension_id]]&"_"&Tabla1[[#This Row],[subdimension_id]]&"_"&Tabla1[[#This Row],[categoria_id]] -> AC_AT_VID | C90: Accesibilidad | D90: Accesibilidad tecnológica | E90: Vídeo | F90: Asegúrese de que el vídeo y el sonido sean claros y de alta calidad. | H90: =+"Dimensión: " & Tabla1[[#This Row],[dimension]] & " -- " & "Subdimensión: " & Tabla1[[#This Row],[subdimension]] & " -- " & "Categoría: " & Tabla1[[#This Row],[categoria]] & " -- " & Tabla1[[#This Row],[recomendacion]] -> Dimensión: Accesibilidad -- Subdimensión: Accesibilidad tecnológica -- Categoría: Vídeo -- Asegúrese de que el vídeo y el sonido sean claros y de alta calidad. | I90: =IFERROR(VLOOKUP(Tabla1[[#This Row],[dimension]],Datos!$B$2:$C$6,2,0),"dim") -> AC | J90: =IFERROR(VLOOKUP(Tabla1[[#This Row],[subdimension]],Datos!$E$2:$F$20,2,0),"subdim") -> AT | K90: =IFERROR(VLOOKUP(Tabla1[[#This Row],[categoria]],Datos!$H$2:$I$21,2,0),"cat") -> VID
B91: =+Tabla1[[#This Row],[dimension_id]]&"_"&Tabla1[[#This Row],[subdimension_id]]&"_"&Tabla1[[#This Row],[categoria_id]] -> AC_AT_VID | C91: Accesibilidad | D91: Accesibilidad tecnológica | E91: Vídeo | F91: Proporcione alternativas sincronizadas para el vídeo. | G91: Añada subtitulado, audiodescripción, transcripción completa o lengua de signos (LS). | H91: =+"Dimensión: " & Tabla1[[#This Row],[dimension]] & " -- " & "Subdimensión: " & Tabla1[[#This Row],[subdimension]] & " -- " & "Categoría: " & Tabla1[[#This Row],[categoria]] & " -- " & Tabla1[[#This Row],[recomendacion]] -> Dimensión: Accesibilidad -- Subdimensión: Accesibilidad tecnológica -- Categoría: Vídeo -- Proporcione alternativas sincronizadas para el vídeo. | I91: =IFERROR(VLOOKUP(Tabla1[[#This Row],[dimension]],Datos!$B$2:$C$6,2,0),"dim") -> AC | J91: =IFERROR(VLOOKUP(Tabla1[[#This Row],[subdimension]],Datos!$E$2:$F$20,2,0),"subdim") -> AT | K91: =IFERROR(VLOOKUP(Tabla1[[#This Row],[categoria]],Datos!$H$2:$I$21,2,0),"cat") -> VID
B92: =+Tabla1[[#This Row],[dimension_id]]&"_"&Tabla1[[#This Row],[subdimension_id]]&"_"&Tabla1[[#This Row],[categoria_id]] -> AC_AT_VID | C92: Accesibilidad | D92: Accesibilidad tecnológica | E92: Vídeo | F92: Proporcione una descripción textual y transcripción del vídeo. | H92: =+"Dimensión: " & Tabla1[[#This Row],[dimension]] & " -- " & "Subdimensión: " & Tabla1[[#This Row],[subdimension]] & " -- " & "Categoría: " & Tabla1[[#This Row],[categoria]] & " -- " & Tabla1[[#This Row],[recomendacion]] -> Dimensión: Accesibilidad -- Subdimensión: Accesibilidad tecnológica -- Categoría: Vídeo -- Proporcione una descripción textual y transcripción del vídeo. | I92: =IFERROR(VLOOKUP(Tabla1[[#This Row],[dimension]],Datos!$B$2:$C$6,2,0),"dim") -> AC | J92: =IFERROR(VLOOKUP(Tabla1[[#This Row],[subdimension]],Datos!$E$2:$F$20,2,0),"subdim") -> AT | K92: =IFERROR(VLOOKUP(Tabla1[[#This Row],[categoria]],Datos!$H$2:$I$21,2,0),"cat") -> VID
B93: =+Tabla1[[#This Row],[dimension_id]]&"_"&Tabla1[[#This Row],[subdimension_id]]&"_"&Tabla1[[#This Row],[categoria_id]] -> AC_AT_VID | C93: Accesibilidad | D93: Accesibilidad tecnológica | E93: Vídeo | F93: Garantice que los estudiantes tengan control sobre la gestión de la reproducción del vídeo y sus alternativas. | G93: Hay botones para parar, pausar, avanzar y retroceder el vídeo. Hay botones para mostrar las alternativas. | H93: =+"Dimensión: " & Tabla1[[#This Row],[dimension]] & " -- " & "Subdimensión: " & Tabla1[[#This Row],[subdimension]] & " -- " & "Categoría: " & Tabla1[[#This Row],[categoria]] & " -- " & Tabla1[[#This Row],[recomendacion]] -> Dimensión: Accesibilidad -- Subdimensión: Accesibilidad tecnológica -- Categoría: Vídeo -- Garantice que los estudiantes tengan control sobre la gestión de la reproducción del vídeo y sus alternativas. | I93: =IFERROR(VLOOKUP(Tabla1[[#This Row],[dimension]],Datos!$B$2:$C$6,2,0),"dim") -> AC | J93: =IFERROR(VLOOKUP(Tabla1[[#This Row],[subdimension]],Datos!$E$2:$F$20,2,0),"subdim") -> AT | K93: =IFERROR(VLOOKUP(Tabla1[[#This Row],[categoria]],Datos!$H$2:$I$21,2,0),"cat") -> VID
B94: =+Tabla1[[#This Row],[dimension_id]]&"_"&Tabla1[[#This Row],[subdimension_id]]&"_"&Tabla1[[#This Row],[categoria_id]] -> AC_AT_VID | C94: Accesibilidad | D94: Accesibilidad tecnológica | E94: Vídeo | F94: Asegúrese de que haya suficiente contraste entre el fondo y el primer plano del vídeo. | H94: =+"Dimensión: " & Tabla1[[#This Row],[dimension]] & " -- " & "Subdimensión: " & Tabla1[[#This Row],[subdimension]] & " -- " & "Categoría: " & Tabla1[[#This Row],[categoria]] & " -- " & Tabla1[[#This Row],[recomendacion]] -> Dimensión: Accesibilidad -- Subdimensión: Accesibilidad tecnológica -- Categoría: Vídeo -- Asegúrese de que haya suficiente contraste entre el fondo y el primer plano del vídeo. | I94: =IFERROR(VLOOKUP(Tabla1[[#This Row],[dimension]],Datos!$B$2:$C$6,2,0),"dim") -> AC | J94: =IFERROR(VLOOKUP(Tabla1[[#This Row],[subdimension]],Datos!$E$2:$F$20,2,0),"subdim") -> AT | K94: =IFERROR(VLOOKUP(Tabla1[[#This Row],[categoria]],Datos!$H$2:$I$21,2,0),"cat") -> VID
B95: =+Tabla1[[#This Row],[dimension_id]]&"_"&Tabla1[[#This Row],[subdimension_id]]&"_"&Tabla1[[#This Row],[categoria_id]] -> AC_AT_VID | C95: Accesibilidad | D95: Accesibilidad tecnológica | E95: Vídeo | F95: Evite la cámara lenta y rápida. | H95: =+"Dimensión: " & Tabla1[[#This Row],[dimension]] & " -- " & "Subdimensión: " & Tabla1[[#This Row],[subdimension]] & " -- " & "Categoría: " & Tabla1[[#This Row],[categoria]] & " -- " & Tabla1[[#This Row],[recomendacion]] -> Dimensión: Accesibilidad -- Subdimensión: Accesibilidad tecnológica -- Categoría: Vídeo -- Evite la cámara lenta y rápida. | I95: =IFERROR(VLOOKUP(Tabla1[[#This Row],[dimension]],Datos!$B$2:$C$6,2,0),"dim") -> AC | J95: =IFERROR(VLOOKUP(Tabla1[[#This Row],[subdimension]],Datos!$E$2:$F$20,2,0),"subdim") -> AT | K95: =IFERROR(VLOOKUP(Tabla1[[#This Row],[categoria]],Datos!$H$2:$I$21,2,0),"cat") -> VID
B96: =+Tabla1[[#This Row],[dimension_id]]&"_"&Tabla1[[#This Row],[subdimension_id]]&"_"&Tabla1[[#This Row],[categoria_id]] -> AC_AT_WEB | C96: Accesibilidad | D96: Accesibilidad tecnológica | E96: Sitios web y apps | F96: Al elaborar el contenido, evite las elecciones de diseño que tienden a provocar convulsiones o reacciones físicas. | G96: Absténgase de usar elementos intermitentes. | H96: =+"Dimensión: " & Tabla1[[#This Row],[dimension]] & " -- " & "Subdimensión: " & Tabla1[[#This Row],[subdimension]] & " -- " & "Categoría: " & Tabla1[[#This Row],[categoria]] & " -- " & Tabla1[[#This Row],[recomendacion]] -> Dimensión: Accesibilidad -- Subdimensión: Accesibilidad tecnológica -- Categoría: Sitios web y apps -- Al elaborar el contenido, evite las elecciones de diseño que tienden a provocar convulsiones o reacciones físicas. | I96: =IFERROR(VLOOKUP(Tabla1[[#This Row],[dimension]],Datos!$B$2:$C$6,2,0),"dim") -> AC | J96: =IFERROR(VLOOKUP(Tabla1[[#This Row],[subdimension]],Datos!$E$2:$F$20,2,0),"subdim") -> AT | K96: =IFERROR(VLOOKUP(Tabla1[[#This Row],[categoria]],Datos!$H$2:$I$21,2,0),"cat") -> WEB
B97: =+Tabla1[[#This Row],[dimension_id]]&"_"&Tabla1[[#This Row],[subdimension_id]]&"_"&Tabla1[[#This Row],[categoria_id]] -> AC_AT_WEB | C97: Accesibilidad | D97: Accesibilidad tecnológica | E97: Sitios web y apps | F97: Mantenga la coherencia en la identificación y apariencia (forma, tamaño, color, ubicación, etc.) de los elementos que tienen la misma funcionalidad (enlaces, iconos, botones, etc.) en todo el sitio web, la aplicación o el documento. | G97: Por ejemplo, si el icono de búsqueda es una lupa, debe continuar siendo una lupa en todo el REA. | H97: =+"Dimensión: " & Tabla1[[#This Row],[dimension]] & " -- " & "Subdimensión: " & Tabla1[[#This Row],[subdimension]] & " -- " & "Categoría: " & Tabla1[[#This Row],[categoria]] & " -- " & Tabla1[[#This Row],[recomendacion]] -> Dimensión: Accesibilidad -- Subdimensión: Accesibilidad tecnológica -- Categoría: Sitios web y apps -- Mantenga la coherencia en la identificación y apariencia (forma, tamaño, color, ubicación, etc.) de los elementos que tienen la misma funcionalidad (enlaces, iconos, botones, etc.) en todo el sitio web, la aplicación o el documento. | I97: =IFERROR(VLOOKUP(Tabla1[[#This Row],[dimension]],Datos!$B$2:$C$6,2,0),"dim") -> AC | J97: =IFERROR(VLOOKUP(Tabla1[[#This Row],[subdimension]],Datos!$E$2:$F$20,2,0),"subdim") -> AT | K97: =IFERROR(VLOOKUP(Tabla1[[#This Row],[categoria]],Datos!$H$2:$I$21,2,0),"cat") -> WEB
B98: =+Tabla1[[#This Row],[dimension_id]]&"_"&Tabla1[[#This Row],[subdimension_id]]&"_"&Tabla1[[#This Row],[categoria_id]] -> AC_AT_WEB | C98: Accesibilidad | D98: Accesibilidad tecnológica | E98: Sitios web y apps | F98: Resalte visualmente los elementos interactivos, como los hipervínculos, los botones, las listas, los menús y los cuadros de diálogo. En el caso de los hipervínculos, aclare adónde dirigen. | G98: Subraye el texto de los hipervínculos o colóquelos en un cuadro. | H98: =+"Dimensión: " & Tabla1[[#This Row],[dimension]] & " -- " & "Subdimensión: " & Tabla1[[#This Row],[subdimension]] & " -- " & "Categoría: " & Tabla1[[#This Row],[categoria]] & " -- " & Tabla1[[#This Row],[recomendacion]] -> Dimensión: Accesibilidad -- Subdimensión: Accesibilidad tecnológica -- Categoría: Sitios web y apps -- Resalte visualmente los elementos interactivos, como los hipervínculos, los botones, las listas, los menús y los cuadros de diálogo. En el caso de los hipervínculos, aclare adónde dirigen. | I98: =IFERROR(VLOOKUP(Tabla1[[#This Row],[dimension]],Datos!$B$2:$C$6,2,0),"dim") -> AC | J98: =IFERROR(VLOOKUP(Tabla1[[#This Row],[subdimension]],Datos!$E$2:$F$20,2,0),"subdim") -> AT | K98: =IFERROR(VLOOKUP(Tabla1[[#This Row],[categoria]],Datos!$H$2:$I$21,2,0),"cat") -> WEB
B99: =+Tabla1[[#This Row],[dimension_id]]&"_"&Tabla1[[#This Row],[subdimension_id]]&"_"&Tabla1[[#This Row],[categoria_id]] -> AC_AT_WEB | C99: Accesibilidad | D99: Accesibilidad tecnológica | E99: Sitios web y apps | F99: Asegúrese de que los elementos interactivos y los controles virtuales sean grandes y estén bien espaciados, sobre todo en pantallas pequeñas o táctiles, o que puedan ajustarse en tamaño para mejorar la experiencia interactiva de los estudiantes. | G99: El tamaño de un botón en la pantalla de un teléfono móvil debe ser de al menos 9 mm. | H99: =+"Dimensión: " & Tabla1[[#This Row],[dimension]] & " -- " & "Subdimensión: " & Tabla1[[#This Row],[subdimension]] & " -- " & "Categoría: " & Tabla1[[#This Row],[categoria]] & " -- " & Tabla1[[#This Row],[recomendacion]] -> Dimensión: Accesibilidad -- Subdimensión: Accesibilidad tecnológica -- Categoría: Sitios web y apps -- Asegúrese de que los elementos interactivos y los controles virtuales sean grandes y estén bien espaciados, sobre todo en pantallas pequeñas o táctiles, o que puedan ajustarse en tamaño para mejorar la experiencia interactiva de los estudiantes. | I99: =IFERROR(VLOOKUP(Tabla1[[#This Row],[dimension]],Datos!$B$2:$C$6,2,0),"dim") -> AC | J99: =IFERROR(VLOOKUP(Tabla1[[#This Row],[subdimension]],Datos!$E$2:$F$20,2,0),"subdim") -> AT | K99: =IFERROR(VLOOKUP(Tabla1[[#This Row],[categoria]],Datos!$H$2:$I$21,2,0),"cat") -> WEB
B100: =+Tabla1[[#This Row],[dimension_id]]&"_"&Tabla1[[#This Row],[subdimension_id]]&"_"&Tabla1[[#This Row],[categoria_id]] -> AC_AT_WEB | C100: Accesibilidad | D100: Accesibilidad tecnológica | E100: Sitios web y apps | F100: Ofrezca opciones para pausar, detener u ocultar cualquier información que se mueva, parpadee, se actualice automáticamente o se desplace, siempre que sea posible, cuando cumpla alguno de los siguientes criterios: (1) se inicia automáticamente, (2) dura más de cinco segundos o (3) se muestra simultáneamente con otros contenidos. | G100: Si una página incluye un vídeo con sonido de inicio automático, ofrezca controles para pausar, parar o silenciar el vídeo. Por ejemplo, en un vídeo de demostración de un experimento de ciencias, los estudiantes deberían poder iniciarlo manualmente y modificar los ajustes a su conveniencia. | H100: =+"Dimensión: " & Tabla1[[#This Row],[dimension]] & " -- " & "Subdimensión: " & Tabla1[[#This Row],[subdimension]] & " -- " & "Categoría: " & Tabla1[[#This Row],[categoria]] & " -- " & Tabla1[[#This Row],[recomendacion]] -> Dimensión: Accesibilidad -- Subdimensión: Accesibilidad tecnológica -- Categoría: Sitios web y apps -- Ofrezca opciones para pausar, detener u ocultar cualquier información que se mueva, parpadee, se actualice automáticamente o se desplace, siempre que sea posible, cuando cumpla alguno de los siguientes criterios: (1) se inicia automáticamente, (2) dura más de cinco segundos o (3) se muestra simultáneamente con otros contenidos. | I100: =IFERROR(VLOOKUP(Tabla1[[#This Row],[dimension]],Datos!$B$2:$C$6,2,0),"dim") -> AC | J100: =IFERROR(VLOOKUP(Tabla1[[#This Row],[subdimension]],Datos!$E$2:$F$20,2,0),"subdim") -> AT | K100: =IFERROR(VLOOKUP(Tabla1[[#This Row],[categoria]],Datos!$H$2:$I$21,2,0),"cat") -> WEB
B101: =+Tabla1[[#This Row],[dimension_id]]&"_"&Tabla1[[#This Row],[subdimension_id]]&"_"&Tabla1[[#This Row],[categoria_id]] -> AC_AT_WEB | C101: Accesibilidad | D101: Accesibilidad tecnológica | E101: Sitios web y apps | F101: Garantice que todo el contenido y las funcionalidades de los distintos controles estén disponibles para las tecnologías de asistencia, como los lectores de pantalla. | H101: =+"Dimensión: " & Tabla1[[#This Row],[dimension]] & " -- " & "Subdimensión: " & Tabla1[[#This Row],[subdimension]] & " -- " & "Categoría: " & Tabla1[[#This Row],[categoria]] & " -- " & Tabla1[[#This Row],[recomendacion]] -> Dimensión: Accesibilidad -- Subdimensión: Accesibilidad tecnológica -- Categoría: Sitios web y apps -- Garantice que todo el contenido y las funcionalidades de los distintos controles estén disponibles para las tecnologías de asistencia, como los lectores de pantalla. | I101: =IFERROR(VLOOKUP(Tabla1[[#This Row],[dimension]],Datos!$B$2:$C$6,2,0),"dim") -> AC | J101: =IFERROR(VLOOKUP(Tabla1[[#This Row],[subdimension]],Datos!$E$2:$F$20,2,0),"subdim") -> AT | K101: =IFERROR(VLOOKUP(Tabla1[[#This Row],[categoria]],Datos!$H$2:$I$21,2,0),"cat") -> WEB
B102: =+Tabla1[[#This Row],[dimension_id]]&"_"&Tabla1[[#This Row],[subdimension_id]]&"_"&Tabla1[[#This Row],[categoria_id]] -> AC_AT_WEB | C102: Accesibilidad | D102: Accesibilidad tecnológica | E102: Sitios web y apps | F102: Compruebe que los elementos del entorno de aprendizaje (por ejemplo, los botones) cambian de estado y posición solo cuando es necesario, ya que esto ayuda a evitar la confusión. | G102: A los estudiantes con dificultades les resulta más fácil encontrar el botón de «volver» si se coloca siempre en la esquina inferior izquierda. | H102: =+"Dimensión: " & Tabla1[[#This Row],[dimension]] & " -- " & "Subdimensión: " & Tabla1[[#This Row],[subdimension]] & " -- " & "Categoría: " & Tabla1[[#This Row],[categoria]] & " -- " & Tabla1[[#This Row],[recomendacion]] -> Dimensión: Accesibilidad -- Subdimensión: Accesibilidad tecnológica -- Categoría: Sitios web y apps -- Compruebe que los elementos del entorno de aprendizaje (por ejemplo, los botones) cambian de estado y posición solo cuando es necesario, ya que esto ayuda a evitar la confusión. | I102: =IFERROR(VLOOKUP(Tabla1[[#This Row],[dimension]],Datos!$B$2:$C$6,2,0),"dim") -> AC | J102: =IFERROR(VLOOKUP(Tabla1[[#This Row],[subdimension]],Datos!$E$2:$F$20,2,0),"subdim") -> AT | K102: =IFERROR(VLOOKUP(Tabla1[[#This Row],[categoria]],Datos!$H$2:$I$21,2,0),"cat") -> WEB
B103: =+Tabla1[[#This Row],[dimension_id]]&"_"&Tabla1[[#This Row],[subdimension_id]]&"_"&Tabla1[[#This Row],[categoria_id]] -> AC_AT_WEB | C103: Accesibilidad | D103: Accesibilidad tecnológica | E103: Sitios web y apps | F103: Permita a los estudiantes comprobar su progreso, indicando, por ejemplo, qué partes han completado con éxito. | G103: Un sistema de puntuación con estrellas o una barra de progreso en cada ejercicio puede ayudar a comprender el estado de compleción de una sesión. | H103: =+"Dimensión: " & Tabla1[[#This Row],[dimension]] & " -- " & "Subdimensión: " & Tabla1[[#This Row],[subdimension]] & " -- " & "Categoría: " & Tabla1[[#This Row],[categoria]] & " -- " & Tabla1[[#This Row],[recomendacion]] -> Dimensión: Accesibilidad -- Subdimensión: Accesibilidad tecnológica -- Categoría: Sitios web y apps -- Permita a los estudiantes comprobar su progreso, indicando, por ejemplo, qué partes han completado con éxito. | I103: =IFERROR(VLOOKUP(Tabla1[[#This Row],[dimension]],Datos!$B$2:$C$6,2,0),"dim") -> AC | J103: =IFERROR(VLOOKUP(Tabla1[[#This Row],[subdimension]],Datos!$E$2:$F$20,2,0),"subdim") -> AT | K103: =IFERROR(VLOOKUP(Tabla1[[#This Row],[categoria]],Datos!$H$2:$I$21,2,0),"cat") -> WEB
B104: =+Tabla1[[#This Row],[dimension_id]]&"_"&Tabla1[[#This Row],[subdimension_id]]&"_"&Tabla1[[#This Row],[categoria_id]] -> AC_AT_WEB | C104: Accesibilidad | D104: Accesibilidad tecnológica | E104: Sitios web y apps | F104: Permita a los estudiantes guardar su progreso para que puedan retomar su trabajo más tarde. | G104: Use programas que permitan pausar y guardar el trabajo automática o manualmente, evitando que los estudiantes tengan que reintroducir toda la información. | H104: =+"Dimensión: " & Tabla1[[#This Row],[dimension]] & " -- " & "Subdimensión: " & Tabla1[[#This Row],[subdimension]] & " -- " & "Categoría: " & Tabla1[[#This Row],[categoria]] & " -- " & Tabla1[[#This Row],[recomendacion]] -> Dimensión: Accesibilidad -- Subdimensión: Accesibilidad tecnológica -- Categoría: Sitios web y apps -- Permita a los estudiantes guardar su progreso para que puedan retomar su trabajo más tarde. | I104: =IFERROR(VLOOKUP(Tabla1[[#This Row],[dimension]],Datos!$B$2:$C$6,2,0),"dim") -> AC | J104: =IFERROR(VLOOKUP(Tabla1[[#This Row],[subdimension]],Datos!$E$2:$F$20,2,0),"subdim") -> AT | K104: =IFERROR(VLOOKUP(Tabla1[[#This Row],[categoria]],Datos!$H$2:$I$21,2,0),"cat") -> WEB
...

Sheet Datos
B2: dimension | C2: id | E2: subdimension | F2: id | H2: categoria | I2: id
B3: Didáctica inclusiva | C3: DI | E3: Objetivos y metas | F3: OM | H3: Aprendizaje personalizado | I3: AP
B4: Dimensión técnica y tecnológica | C4: TT | E4: Objetivos de aprendizaje para la enseñanza diferenciada | F4: OA | H4: Adaptabilidad | I4: ADP
B5: Sensibilidad hacia la diversidad | C5: SD | E5: Metadatos | F5: MD | H5: Seguridad | I5: SEG
B6: Accesibilidad | C6: AC | E6: Idioma | F6: IDI | H6: Ayuda | I6: AYU
E7: Actualización | F7: CT | H7: Diseño | I7: DIS
E8: Estructura | F8: ES | H8: Personalización | I8: PER
E9: Didáctica | F9: DD | H9: Fuente | I9: FUE
E10: Participación | F10: PA | H10: Diseño y formato | I10: DIS
E11: Relevancia práctica | F11: RP | H11: Navegación | I11: NAV
E12: Relevancia en la vida real | F12: RR | H12: Uso de los REA | I12: USO
E13: Motivación | F13: MO | H13: Desarrollo de los REA | I13: DES
E14: Evaluación formativa | F14: EF | H14: Elección de los metadatos | I14: ELE
E15: Usabilidad | F15: US | H15: Adaptación de los REA | I15: ADA
E16: Licencias | F16: LI | H16: Texto | I16: TEX
E17: Conciencia de género | F17: CG | H17: Imágenes, tablas y gráficos | I17: IMA
E18: Sensibilidad cultural | F18: SC | H18: Audio | I18: AUD
... E20: Accesibilidad tecnológica | F20: AT | H20: Sitios web y apps | I20: WEB
H21: Juegos educativos | I21: JUE
